0.085398	6.6017e-17	3.6137e+05	3.3257e+05	298.96	0.00021145	0.00051203	0.00051203	0.00051243	0.00051243
0.085398	6.6017e-17	3.6137e+05	3.3257e+05	298.98	0.000202	0.00049954	0.00049954	0.00049994	0.00049994
0.085398	6.6017e-17	3.6137e+05	3.3257e+05	298.99	0.00019255	0.00049521	0.00049521	0.00049563	0.00049563
0.085398	6.6017e-17	3.6137e+05	3.3257e+05	298.99	0.00018901	0.00049091	0.00049091	0.00049133	0.00049133
0.085398	6.6017e-17	3.6137e+05	3.3257e+05	299	0.00019019	0.00048737	0.00048737	0.00048782	0.00048782
0.085398	6.6017e-17	3.6137e+05	3.3257e+05	298.87	0.00025988	0.00066	0.00066	0.0006607	0.0006607
0.085398	6.6017e-17	3.6137e+05	3.3257e+05	298.77	0.00045716	0.00087073	0.00087073	0.00087219	0.00087219
0.085398	6.6017e-17	3.6137e+05	3.3257e+05	298.99	5.3158e-06	0.00053557	0.066407	0.0045647	0.00051233
0.085398	6.6017e-17	3.6137e+05	3.3257e+05	298.82	1.217e-05	0.00081861	0.065315	0.0070907	0.00078757
0.085398	6.6017e-17	3.6137e+05	3.3257e+05	298.71	1.6069e-05	0.00099128	0.064341	0.0086774	0.00095661
0.085398	6.6017e-17	3.6137e+05	3.3257e+05	298.59	3.3768e-05	0.0011875	0.064308	0.010505	0.0011454
0.074986	7.5184e-17	2.4973e+05	2.2672e+05	298.44	3.4578e-05	0.00082949	0.00082949	0.00083088	0.00083088
0.074986	7.5184e-17	2.4973e+05	2.2672e+05	298.39	3.1155e-05	0.00089497	0.00089497	0.00089658	0.00089658
0.074986	7.5184e-17	2.4973e+05	2.2672e+05	298.39	5.0391e-05	0.00088842	0.00088842	0.00088998	0.00088998
0.074986	7.5184e-17	2.4973e+05	2.2672e+05	298.44	0.00011624	0.00081016	0.00081016	0.00081141	0.00081141
0.074986	7.5184e-17	2.4973e+05	2.2672e+05	298.29	0.00021124	0.00098317	0.00098317	0.0009849	0.0009849
0.074986	7.5184e-17	2.4973e+05	2.2672e+05	298.33	0.00019354	0.00095987	0.00095987	0.00096161	0.00096161
0.074986	7.5184e-17	2.4973e+05	2.2672e+05	298.36	0.00018292	0.0009294	0.0009294	0.00093111	0.00093111
0.074986	7.5184e-17	2.4973e+05	2.2672e+05	298.81	0.00076422	0.00033805	0.08785	0.0040807	0.00033774
0.074986	7.5184e-17	2.4973e+05	2.2672e+05	298.45	0.0029201	0.0008293	0.083773	0.010458	0.00082959
0.074986	7.5184e-17	2.4973e+05	2.2672e+05	298.72	0.0013182	0.00046311	0.084168	0.0056697	0.00046311
0.074986	7.5184e-17	2.4973e+05	2.2672e+05	298.26	0.0038608	0.0010905	0.083273	0.012896	0.0010913
0.074986	7.5184e-17	2.4973e+05	2.2672e+05	298.04	0.0047661	0.0013963	0.082437	0.013776	0.0013979
0.074986	7.5184e-17	2.4973e+05	2.2672e+05	298.34	0.0033862	0.00097793	0.082018	0.012389	0.00097863
0.074986	7.5184e-17	2.4973e+05	2.2672e+05	297.87	0.0051336	0.0016249	0.082284	0.014499	0.0016272
0.074986	7.5184e-17	2.4973e+05	2.2672e+05	298.22	0.0038485	0.0011442	0.081423	0.012866	0.0011453
0.074986	7.5184e-17	2.4973e+05	2.2672e+05	298.51	0.0025723	0.00074866	0.081789	0.009403	0.00074906
0.074986	7.5184e-17	2.4973e+05	2.2672e+05	298.66	0.0016229	0.00053997	0.08158	0.0066718	0.00054022
0.074986	7.5184e-17	2.4973e+05	2.2672e+05	298.47	0.0027516	0.00080711	0.082228	0.01018	0.00080753
0.074986	7.5184e-17	2.4973e+05	2.2672e+05	298.68	0.0015837	0.00051447	0.083077	0.0063322	0.00051457
0.074986	7.5184e-17	2.4973e+05	2.2672e+05	298.64	0.00191	0.00057317	0.082755	0.0070901	0.00057334
0.074986	7.5184e-17	2.4973e+05	2.2672e+05	298.63	0.0020121	0.00058063	0.083524	0.0071797	0.00058072
0.074986	7.5184e-17	2.4973e+05	2.2672e+05	298.79	0.00099064	0.00036353	0.083688	0.0044192	0.00036356
0	0	0	0	298.7	0.00047127	0.00047245	0.00047245	0.0004725	0.0004725
0	0	0	0	298.71	0.00039227	0.00039124	0.00039124	0.00039127	0.00039127
0	0	0	0	298.7	0.00047183	0.00047172	0.00047172	0.00047176	0.00047176
0	0	0	0	298.71	0.00039834	0.00039467	0.00039467	0.0003947	0.0003947
0	0	0	0	298.71	0.00041271	0.00041108	0.00041108	0.00041111	0.00041111
0	0	0	0	298.71	0.00040939	0.00041037	0.00041037	0.0004104	0.0004104
0	0	0	0	298.71	0.00040884	0.00040744	0.00040744	0.00040747	0.00040747
0	0	0	0	298.71	0.00040663	0.00040377	0.00040377	0.00040381	0.00040381
0.061309	7.6987e-17	2.4325e+05	2.2064e+05	297.71	1.5357e-05	0.00051995	0.00051995	0.00052054	0.00052054
0.061309	7.6987e-17	2.4325e+05	2.2064e+05	297.63	1.6538e-05	0.00062853	0.00062853	0.0006295	0.0006295
0.061309	7.6987e-17	2.4325e+05	2.2064e+05	297.52	0.00012404	0.00076546	0.00076546	0.0017704	0.00076697
0.061309	7.6987e-17	2.4325e+05	2.2064e+05	297.57	2.0082e-05	0.00070133	0.00070133	0.00070255	0.00070255
0.061309	7.6987e-17	2.4325e+05	2.2064e+05	297.47	0.00010277	0.00079422	0.00079422	0.00079572	0.00079572
0.061309	7.6987e-17	2.4325e+05	2.2064e+05	297.63	1.7719e-05	0.00061248	0.00061248	0.00061332	0.00061332
0.061309	7.6987e-17	2.4325e+05	2.2064e+05	297.9	0.0012542	0.00034382	0.076489	0.0052114	0.0003465
0.061309	7.6987e-17	2.4325e+05	2.2064e+05	297.7	0.0026421	0.00057157	0.075367	0.0088716	0.00057588
0.061309	7.6987e-17	2.4325e+05	2.2064e+05	297.53	0.0040187	0.00076439	0.074547	0.012112	0.00077028
0.061309	7.6987e-17	2.4325e+05	2.2064e+05	297.4	0.0049852	0.00091098	0.073682	0.013267	0.00091811
0.061309	7.6987e-17	2.4325e+05	2.2064e+05	297.23	0.0063217	0.0010955	0.073191	0.013902	0.0011044
0.061309	7.6987e-17	2.4325e+05	2.2064e+05	297.49	0.004246	0.00080609	0.073239	0.012819	0.00081203
0.061309	7.6987e-17	2.4325e+05	2.2064e+05	296.93	0.0073419	0.0014346	0.073193	0.015195	0.0014475
0.061309	7.6987e-17	2.4325e+05	2.2064e+05	296.93	0.0072167	0.0014315	0.072853	0.015138	0.0014443
0	0	0	0	298.68	0.00057956	0.00058083	0.00058083	0.00058091	0.00058091
0	0	0	0	298.71	0.0003547	0.000351	0.000351	0.00035103	0.00035103
0	0	0	0	298.7	0.00037293	0.00037572	0.00037572	0.00037575	0.00037575
0	0	0	0	298.7	0.00041989	0.00041817	0.00041817	0.00041821	0.00041821
0	0	0	0	298.7	0.00037017	0.0003723	0.0003723	0.00037233	0.00037233
0	0	0	0	298.7	0.00036796	0.0003699	0.0003699	0.00036993	0.00036993
0	0	0	0	298.7	0.00039227	0.00038981	0.00038981	0.00038984	0.00038984
0	0	0	0	298.7	0.00038066	0.00037859	0.00037859	0.00037862	0.00037862
0	0	0	0	298.72	0.0006315	0.00062744	0.00062744	0.00062748	0.00062748
0	0	0	0	298.71	0.0009664	0.00096738	0.00096738	0.00096746	0.00096746
0	0	0	0	298.71	0.00081069	0.00081384	0.00081384	0.0008139	0.0008139
0	0	0	0	298.7	0.0010906	0.0010969	0.0010969	0.001097	0.001097
0	0	0	0	298.71	0.0010331	0.0010344	0.0010344	0.0010345	0.0010345
0	0	0	0	298.71	0.0010418	0.0010487	0.0010487	0.0010488	0.0010488
0	0	0	0	298.71	0.0010467	0.001057	0.001057	0.0010571	0.0010571
0	0	0	0	298.7	0.0012204	0.0012237	0.0012237	0.0012238	0.0012238
0	0	0	0	298.71	0.0010239	0.0010265	0.0010265	0.0010266	0.0010266
0	0	0	0	298.71	0.0010943	0.0010947	0.0010947	0.0010949	0.0010949
0	0	0	0	298.7	0.0012364	0.0012315	0.0012315	0.0012316	0.0012316
0.24205	9.9308e-17	2.3476e+05	2.2648e+05	296.48	0.0011239	0.0021085	0.11475	0.0081428	0.0022643
0.24205	9.9308e-17	2.3476e+05	2.2648e+05	296.19	0.002038	0.0031683	0.13112	0.010904	0.0035086
0.24205	9.9308e-17	2.3476e+05	2.2648e+05	296.03	0.0025462	0.0037314	0.14359	0.012502	0.0041832
0.24205	9.9308e-17	2.3476e+05	2.2648e+05	295.94	0.0027928	0.0040278	0.13198	0.012754	0.0044766
0.24205	9.9308e-17	2.3476e+05	2.2648e+05	295.84	0.00312	0.0043749	0.11362	0.012895	0.0048042
0.24205	9.9308e-17	2.3476e+05	2.2648e+05	295.73	0.0034574	0.004756	0.096993	0.013168	0.0051765
0.24205	9.9308e-17	2.3476e+05	2.2648e+05	295.59	0.0038726	0.0052329	0.09747	0.014208	0.0057157
0.24205	9.9308e-17	2.3476e+05	2.2648e+05	295.48	0.0042035	0.0056057	0.080834	0.014469	0.0060798
0.24205	9.9308e-17	2.3476e+05	2.2648e+05	295.41	0.0044302	0.0058458	0.12189	0.016326	0.0064895
0.24205	9.9308e-17	2.3476e+05	2.2648e+05	296.04	0.0024995	0.0036826	0.060202	0.0096973	0.0038421
0.24205	9.9308e-17	2.3476e+05	2.2648e+05	296.32	0.0015951	0.002679	0.12383	0.0096353	0.0029349
0.24205	9.9308e-17	2.3476e+05	2.2648e+05	296.3	0.0014606	0.0025421	0.0025421	0.0025483	0.0025483
0.24205	9.9308e-17	2.3476e+05	2.2648e+05	296.4	0.001226	0.0022493	0.0022493	0.0022542	0.0022542
0.24205	9.9308e-17	2.3476e+05	2.2648e+05	296.39	0.0012879	0.0023078	0.0023078	0.0023129	0.0023129
0.24205	9.9308e-17	2.3476e+05	2.2648e+05	296.39	0.0012075	0.002243	0.002243	0.0022477	0.0022477
0.24205	9.9308e-17	2.3476e+05	2.2648e+05	296.34	0.0013222	0.0023711	0.0023711	0.0023763	0.0023763
0.24205	9.9308e-17	2.3476e+05	2.2648e+05	296.28	0.0014501	0.0025348	0.0025348	0.0025407	0.0025407
0.27781	8.6527e-17	3.4352e+05	3.3308e+05	297.27	0.00092163	0.0013788	0.10686	0.0061849	0.0014654
0.27781	8.6527e-17	3.4352e+05	3.3308e+05	297.01	0.0019307	0.0025866	0.10704	0.0089726	0.0027523
0.27781	8.6527e-17	3.4352e+05	3.3308e+05	296.89	0.0024174	0.0031293	0.061584	0.0082028	0.0032006
0.27781	8.6527e-17	3.4352e+05	3.3308e+05	296.55	0.0037257	0.0046701	0.10606	0.012809	0.004975
0.27781	8.6527e-17	3.4352e+05	3.3308e+05	296.39	0.004311	0.0053436	0.071976	0.012737	0.0056008
0.27781	8.6527e-17	3.4352e+05	3.3308e+05	296.4	0.0042929	0.0053087	0.068875	0.01255	0.0055547
0.27781	8.6527e-17	3.4352e+05	3.3308e+05	296.02	0.005733	0.0070223	0.11352	0.017536	0.007518
0.27781	8.6527e-17	3.4352e+05	3.3308e+05	297.13	0.0011952	0.0016344	0.0016344	0.0016365	0.0016365
0.27781	8.6527e-17	3.4352e+05	3.3308e+05	297.18	0.001061	0.0014865	0.0014865	0.0014884	0.0014884
0.27781	8.6527e-17	3.4352e+05	3.3308e+05	297.07	0.0012846	0.0018064	0.0018064	0.0018089	0.0018089
0.27781	8.6527e-17	3.4352e+05	3.3308e+05	297.06	0.0013573	0.0018977	0.0018977	0.0019005	0.0019005
0.27781	8.6527e-17	3.4352e+05	3.3308e+05	297.1	0.0012813	0.0017948	0.0017948	0.0017974	0.0017974
0.27781	8.6527e-17	3.4352e+05	3.3308e+05	296.98	0.001775	0.0023726	0.0023726	0.0023774	0.0023774
0.27781	8.6527e-17	3.4352e+05	3.3308e+05	297.03	0.0016067	0.0022015	0.0022015	0.0022057	0.0022057
0.27781	8.6527e-17	3.4352e+05	3.3308e+05	297.13	0.0013056	0.001844	0.001844	0.0018471	0.0018471
0.27781	8.6527e-17	3.4352e+05	3.3308e+05	297.04	0.0017027	0.0023147	0.0023147	0.0023196	0.0023196
0.27781	8.6527e-17	3.4352e+05	3.3308e+05	297.15	0.0013345	0.0018819	0.0018819	0.0018852	0.0018852
0.8001	1.003e-16	2.3403e+05	2.292e+05	296.14	0.0058598	0.0072929	0.157	0.010859	0.0083571
0.8001	1.003e-16	2.3403e+05	2.292e+05	296.17	0.0056642	0.0070197	0.095631	0.010041	0.0077211
0.8001	1.003e-16	2.3403e+05	2.292e+05	296.17	0.0057148	0.0070957	0.11792	0.010307	0.0079236
0.8001	1.003e-16	2.3403e+05	2.292e+05	296.14	0.0059074	0.0073194	0.16813	0.010976	0.008444
0.8001	1.003e-16	2.3403e+05	2.292e+05	296.32	0.0046246	0.0057957	0.27212	0.0096933	0.0070844
0.8001	1.003e-16	2.3403e+05	2.292e+05	296.33	0.0045587	0.0057221	0.26094	0.0095132	0.0069395
0.8001	1.003e-16	2.3403e+05	2.292e+05	296.32	0.0045727	0.005747	0.26652	0.0095873	0.0069974
0.8001	1.003e-16	2.3403e+05	2.292e+05	296.49	0.0033187	0.0042557	0.20394	0.0071398	0.0048664
0.8001	1.003e-16	2.3403e+05	2.292e+05	296.49	0.0032677	0.0042307	0.19836	0.0070657	0.0048085
0.8001	1.003e-16	2.3403e+05	2.292e+05	296.45	0.0036707	0.0045692	0.082073	0.0066693	0.0046501
0.8001	1.003e-16	2.3403e+05	2.292e+05	296.46	0.0036382	0.0045444	0.076494	0.0065951	0.0045923
0.8001	1.003e-16	2.3403e+05	2.292e+05	296.54	0.0029299	0.0038029	0.23126	0.0067369	0.0044478
0.8001	1.003e-16	2.3403e+05	2.292e+05	296.64	0.0022126	0.0029298	0.21928	0.0054894	0.0033236
0.8001	1.003e-16	2.3403e+05	2.292e+05	296.14	0.0059291	0.0073098	0.1348	0.010719	0.0082692
0.8001	1.003e-16	2.3403e+05	2.292e+05	295.89	0.0077448	0.0094635	0.17583	0.013923	0.01112
0.8001	1.003e-16	2.3403e+05	2.292e+05	295.64	0.0094769	0.011555	0.11683	0.016329	0.013417
0.8001	1.003e-16	2.3403e+05	2.292e+05	296.61	0.0023966	0.0031968	0.21954	0.0058458	0.0036506
0.8001	1.003e-16	2.3403e+05	2.292e+05	295.89	0.0077994	0.0094344	0.15914	0.013762	0.011003
0.8001	1.003e-16	2.3403e+05	2.292e+05	296.33	0.0046108	0.0056934	0.2387	0.0093125	0.0067954
0.8001	1.003e-16	2.3403e+05	2.292e+05	296.5	0.002553	0.0033463	0.0033463	0.0033513	0.0033513
0.8001	1.003e-16	2.3403e+05	2.292e+05	296.51	0.0025419	0.0033272	0.0033272	0.0033321	0.0033321
0.8001	1.003e-16	2.3403e+05	2.292e+05	296.51	0.0025278	0.0033081	0.0033081	0.003313	0.003313
0.8001	1.003e-16	2.3403e+05	2.292e+05	296.49	0.0028794	0.0037981	0.0037981	0.0038049	0.0038049
0.8001	1.003e-16	2.3403e+05	2.292e+05	296.49	0.0028549	0.0037765	0.0037765	0.0037832	0.0037832
0.8001	1.003e-16	2.3403e+05	2.292e+05	296.54	0.0027244	0.0036569	0.0036569	0.0036633	0.0036633
0.8001	1.003e-16	2.3403e+05	2.292e+05	296.5	0.0030753	0.0040287	0.0040287	0.0040366	0.0040366
0.8001	1.003e-16	2.3403e+05	2.292e+05	296.39	0.0037615	0.0048841	0.0048841	0.0048956	0.0048956
0.8001	1.003e-16	2.3403e+05	2.292e+05	296.4	0.0037035	0.0048374	0.0048374	0.0048486	0.0048486
0.8001	1.003e-16	2.3403e+05	2.292e+05	296.4	0.0036649	0.0047906	0.0047906	0.0048017	0.0048017
0.8001	1.003e-16	2.3403e+05	2.292e+05	296.54	0.0026199	0.0034856	0.0034856	0.0034914	0.0034914
0.8001	1.003e-16	2.3403e+05	2.292e+05	296.44	0.0031761	0.0041512	0.0041512	0.0041593	0.0041593
0.8001	1.003e-16	2.3403e+05	2.292e+05	296.39	0.0034146	0.0043811	0.0043811	0.00439	0.00439
0.8001	1.003e-16	2.3403e+05	2.292e+05	296.6	0.0019878	0.0027162	0.0027162	0.0027195	0.0027195
0.8001	1.003e-16	2.3403e+05	2.292e+05	296.52	0.0027676	0.0036674	0.0036674	0.0036738	0.0036738
0.8001	1.003e-16	2.3403e+05	2.292e+05	296.51	0.0029592	0.0039005	0.0039005	0.0039079	0.0039079
0.8001	1.003e-16	2.3403e+05	2.292e+05	296.57	0.0021464	0.0028461	0.0028461	0.0028497	0.0028497
0.58678	1.3676e-16	1.6613e+05	1.6231e+05	285.84	0.003198	0.0044221	0.2615	0.0086853	0.0052549
0.58678	1.3676e-16	1.6613e+05	1.6231e+05	285.85	0.0031893	0.0043775	0.24714	0.0084977	0.0051488
0.58678	1.3676e-16	1.6613e+05	1.6231e+05	286.05	0.0019447	0.0028889	0.1383	0.0053933	0.0029615
0.58678	1.3676e-16	1.6613e+05	1.6231e+05	286.05	0.0019034	0.0028666	0.13112	0.0052996	0.0029084
0.58678	1.3676e-16	1.6613e+05	1.6231e+05	285.71	0.0040048	0.0053535	0.27674	0.010189	0.0064316
0.58678	1.3676e-16	1.6613e+05	1.6231e+05	285.71	0.0039798	0.0053311	0.26956	0.010095	0.0063786
0.58678	1.3676e-16	1.6613e+05	1.6231e+05	285.52	0.0050022	0.0066386	0.077632	0.010398	0.007259
0.58678	1.3676e-16	1.6613e+05	1.6231e+05	285.52	0.0049837	0.0066386	0.077632	0.010398	0.007259
0.58678	1.3676e-16	1.6613e+05	1.6231e+05	285.64	0.0044094	0.0058574	0.18421	0.010148	0.0067026
0.58678	1.3676e-16	1.6613e+05	1.6231e+05	285.41	0.0055776	0.0073794	0.0073794	0.010428	0.0076908
0.58678	1.3676e-16	1.6613e+05	1.6231e+05	285.14	0.0071319	0.0092497	0.11603	0.014632	0.010565
0.58678	1.3676e-16	1.6613e+05	1.6231e+05	285.15	0.0070638	0.0092053	0.10167	0.014443	0.010459
0.58678	1.3676e-16	1.6613e+05	1.6231e+05	284.99	0.0078748	0.010203	0.010203	0.014948	0.01124
0.58678	1.3676e-16	1.6613e+05	1.6231e+05	285.42	0.0057843	0.007381	0.18573	0.012426	0.0085496
0.58678	1.3676e-16	1.6613e+05	1.6231e+05	286	0.0022659	0.0032368	0.0032368	0.0046201	0.0032425
0.58678	1.3676e-16	1.6613e+05	1.6231e+05	286.07	0.0018038	0.00272	0.17391	0.0054441	0.0028894
0	0	0	0	299.11	0.0021139	0.002088	0.002088	0.0020882	0.0020882
0	0	0	0	299.11	0.0020536	0.0020569	0.0020569	0.0020571	0.0020571
0	0	0	0	299.11	0.0020436	0.0020441	0.0020441	0.0020443	0.0020443
0	0	0	0	299.11	0.0022339	0.0022516	0.0022516	0.0022519	0.0022519
0	0	0	0	299.11	0.0022292	0.002233	0.002233	0.0022332	0.0022332
0	0	0	0	299.11	0.0022948	0.0022812	0.0022812	0.0022814	0.0022814
0	0	0	0	299.11	0.0023013	0.0022772	0.0022772	0.0022774	0.0022774
0	0	0	0	297.81	0.0018515	0.0018507	0.0018507	0.001851	0.001851
0	0	0	0	297.81	0.0018644	0.0018615	0.0018615	0.0018618	0.0018618
0	0	0	0	297.8	0.0022755	0.0022708	0.0022708	0.0022712	0.0022712
0	0	0	0	297.81	0.0022756	0.0022727	0.0022727	0.0022731	0.0022731
0	0	0	0	297.81	0.0022752	0.0022746	0.0022746	0.0022749	0.0022749
2.6046	7.791e-17	2.3432e+05	2.2973e+05	296.57	0.0039578	0.0050615	0.41495	0.0068674	0.0056654
2.6046	7.791e-17	2.3432e+05	2.2973e+05	296.42	0.0054401	0.0067042	0.24252	0.0083917	0.0071821
2.6046	7.791e-17	2.3432e+05	2.2973e+05	296.19	0.0078837	0.0092973	0.50622	0.012044	0.010826
2.6046	7.791e-17	2.3432e+05	2.2973e+05	296.06	0.0092379	0.010681	0.27913	0.013147	0.011934
2.6046	7.791e-17	2.3432e+05	2.2973e+05	295.83	0.011434	0.01308	0.27065	0.015971	0.014752
2.6046	7.791e-17	2.3432e+05	2.2973e+05	295.65	0.013256	0.014983	0.40311	0.018545	0.017315
2.6046	7.791e-17	2.3432e+05	2.2973e+05	295.5	0.014654	0.01643	0.23048	0.019881	0.018653
2.6046	7.791e-17	2.3432e+05	2.2973e+05	295.39	0.01562	0.017378	0.089992	0.020698	0.019472
2.6046	7.791e-17	2.3432e+05	2.2973e+05	295.2	0.017543	0.019412	0.30962	0.023655	0.022415
2.6046	7.791e-17	2.3432e+05	2.2973e+05	296.4	0.0056641	0.0068936	0.28623	0.0087071	0.0075047
2.6046	7.791e-17	2.3432e+05	2.2973e+05	296.53	0.0026765	0.0037041	0.0037041	0.003712	0.003712
2.6046	7.791e-17	2.3432e+05	2.2973e+05	296.56	0.0027303	0.0037276	0.0037276	0.0037354	0.0037354
2.6046	7.791e-17	2.3432e+05	2.2973e+05	296.6	0.0027764	0.0037446	0.0037446	0.0037522	0.0037522
2.6046	7.791e-17	2.3432e+05	2.2973e+05	296.6	0.002985	0.0039826	0.0039826	0.003991	0.003991
2.6046	7.791e-17	2.3432e+05	2.2973e+05	296.62	0.0029786	0.0039621	0.0039621	0.0039703	0.0039703
2.6046	7.791e-17	2.3432e+05	2.2973e+05	296.64	0.0030183	0.0039693	0.0039693	0.0039774	0.0039774
2.2946	7.5662e-17	2.4204e+05	2.3736e+05	297.54	0.0039252	0.0050593	0.0050593	0.0050734	0.0050733
2.2946	7.5662e-17	2.4204e+05	2.3736e+05	297.56	0.0038536	0.0049498	0.0049498	0.005504	0.0049632
2.2946	7.5662e-17	2.4204e+05	2.3736e+05	297.44	0.0048406	0.0060799	0.0060799	0.0064409	0.0061002
2.2946	7.5662e-17	2.4204e+05	2.3736e+05	297.51	0.0041614	0.0054072	0.0054072	0.0057633	0.0054232
2.2946	7.5662e-17	2.4204e+05	2.3736e+05	297.45	0.0046925	0.0059644	0.0059644	0.0061642	0.005984
2.2946	7.5662e-17	2.4204e+05	2.3736e+05	297.15	0.0072369	0.0088961	0.0088961	0.0099656	0.0089407
2.2946	7.5662e-17	2.4204e+05	2.3736e+05	297.05	0.0080807	0.0099226	0.16852	0.012112	0.010994
2.2946	7.5662e-17	2.4204e+05	2.3736e+05	296.82	0.0099875	0.012036	0.10182	0.014445	0.013331
2.2946	7.5662e-17	2.4204e+05	2.3736e+05	296.69	0.0111	0.013282	0.068656	0.01585	0.014732
2.2946	7.5662e-17	2.4204e+05	2.3736e+05	296.82	0.0099504	0.012102	0.08468	0.014479	0.013365
2.2946	7.5662e-17	2.4204e+05	2.3736e+05	297.05	0.008075	0.0099324	0.12552	0.012003	0.010894
2.2946	7.5662e-17	2.4204e+05	2.3736e+05	297.29	0.0060614	0.0077036	0.30393	0.0098364	0.0087272
2.2946	7.5662e-17	2.4204e+05	2.3736e+05	297.03	0.0083126	0.01015	0.23756	0.012557	0.011442
2.2946	7.5662e-17	2.4204e+05	2.3736e+05	296.97	0.0087898	0.010821	0.41027	0.013808	0.012683
2.2946	7.5662e-17	2.4204e+05	2.3736e+05	296.72	0.010736	0.01308	0.40393	0.016484	0.015351
2.2946	7.5662e-17	2.4204e+05	2.3736e+05	296.49	0.012306	0.014725	0.014725	0.015762	0.014854
2.2946	7.5662e-17	2.4204e+05	2.3736e+05	297.39	0.0051034	0.0067125	0.33735	0.0087567	0.0076492
2.2946	7.5662e-17	2.4204e+05	2.3736e+05	297.48	0.0042779	0.005782	0.34502	0.007683	0.0065782
2.2946	7.5662e-17	2.4204e+05	2.3736e+05	297.52	0.0028352	0.0037401	0.0037401	0.0037485	0.0037485
2.2946	7.5662e-17	2.4204e+05	2.3736e+05	297.6	0.0027885	0.0035951	0.0035951	0.0036026	0.0036026
2.2946	7.5662e-17	2.4204e+05	2.3736e+05	297.63	0.0027683	0.0036058	0.0036058	0.0036132	0.0036132
2.2946	7.5662e-17	2.4204e+05	2.3736e+05	297.66	0.0027615	0.0035139	0.0035139	0.0035208	0.0035208
2.2946	7.5662e-17	2.4204e+05	2.3736e+05	297.08	0.0057886	0.0070701	0.0070701	0.0071004	0.0071004
2.2946	7.5662e-17	2.4204e+05	2.3736e+05	297.39	0.0043337	0.0054254	0.0054254	0.0054425	0.0054425
2.2946	7.5662e-17	2.4204e+05	2.3736e+05	297.54	0.0033432	0.0043919	0.0043919	0.0044029	0.0044029
0	0	0	0	298.6	0.0019309	0.0019058	0.0019058	0.001906	0.001906
0	0	0	0	298.61	0.0017926	0.0017977	0.0017977	0.0017979	0.0017979
0	0	0	0	298.61	0.0016507	0.0016588	0.0016588	0.001659	0.001659
0	0	0	0	298.59	0.0026634	0.0027142	0.0027142	0.0027147	0.0027147
0	0	0	0	298.6	0.0024997	0.0025259	0.0025259	0.0025263	0.0025263
0	0	0	0	298.6	0.002194	0.0021994	0.0021994	0.0021997	0.0021997
0	0	0	0	298.61	0.0018575	0.0018212	0.0018212	0.0018214	0.0018214
0	0	0	0	299.01	0.001681	0.001683	0.001683	0.0016832	0.0016832
0	0	0	0	299.01	0.001678	0.0016819	0.0016819	0.0016821	0.0016821
0	0	0	0	299.01	0.0018757	0.0018971	0.0018971	0.0018974	0.0018974
0	0	0	0	299.01	0.0018739	0.0018935	0.0018935	0.0018937	0.0018937
0	0	0	0	299.01	0.0020727	0.0020944	0.0020944	0.0020947	0.0020947
0	0	0	0	299.01	0.0020709	0.0020802	0.0020802	0.0020806	0.0020806
0	0	0	0	299.01	0.0023155	0.0023093	0.0023093	0.0023096	0.0023096
2.969	1.0245e-16	2.3432e+05	2.3127e+05	296.54	0.003979	0.0051824	0.18335	0.0063872	0.0056512
2.969	1.0245e-16	2.3432e+05	2.3127e+05	296.47	0.0046908	0.0059593	0.0059593	0.0067456	0.0060134
2.969	1.0245e-16	2.3432e+05	2.3127e+05	296.61	0.0032968	0.004414	0.2154	0.0055653	0.0048298
2.969	1.0245e-16	2.3432e+05	2.3127e+05	296.61	0.0032673	0.0043991	0.32479	0.0057849	0.005047
2.969	1.0245e-16	2.3432e+05	2.3127e+05	296.28	0.0064732	0.008033	0.076796	0.009478	0.0087395
2.969	1.0245e-16	2.3432e+05	2.3127e+05	296.56	0.0038605	0.0049921	0.29256	0.0064027	0.0056645
2.969	1.0245e-16	2.3432e+05	2.3127e+05	296.37	0.0055437	0.0070407	0.25085	0.0086948	0.0079542
2.969	1.0245e-16	2.3432e+05	2.3127e+05	296.2	0.0072382	0.0088125	0.23074	0.010721	0.009978
2.969	1.0245e-16	2.3432e+05	2.3127e+05	296.44	0.0049366	0.0062712	0.3376	0.0079855	0.0072443
2.969	1.0245e-16	2.3432e+05	2.3127e+05	295.91	0.0098568	0.011864	0.15721	0.01415	0.013404
2.969	1.0245e-16	2.3432e+05	2.3127e+05	295.57	0.012665	0.01521	0.18244	0.01817	0.017418
2.969	1.0245e-16	2.3432e+05	2.3127e+05	296.57	0.0024394	0.0035158	0.0035158	0.0035234	0.0035234
2.969	1.0245e-16	2.3432e+05	2.3127e+05	296.57	0.0026809	0.00379	0.00379	0.0037985	0.0037985
2.969	1.0245e-16	2.3432e+05	2.3127e+05	296.49	0.0036296	0.0048244	0.0048244	0.0048379	0.0048379
2.969	1.0245e-16	2.3432e+05	2.3127e+05	296.53	0.0036495	0.0047941	0.0047941	0.004807	0.004807
2.969	1.0245e-16	2.3432e+05	2.3127e+05	296.5	0.0040259	0.0052529	0.0052529	0.0052682	0.0052682
2.969	1.0245e-16	2.3432e+05	2.3127e+05	296.5	0.0037484	0.0049172	0.0049172	0.004931	0.004931
2.969	1.0245e-16	2.3432e+05	2.3127e+05	296.5	0.0034388	0.0045772	0.0045772	0.0045895	0.0045895
2.969	1.0245e-16	2.3432e+05	2.3127e+05	296.55	0.0027837	0.0038222	0.0038222	0.0038311	0.0038311
2.969	1.0245e-16	2.3432e+05	2.3127e+05	296.48	0.0030714	0.0041464	0.0041464	0.0041571	0.0041571
2.969	1.0245e-16	2.3432e+05	2.3127e+05	296.51	0.0027516	0.0037985	0.0037985	0.0038076	0.0038076
2.969	1.0245e-16	2.3432e+05	2.3127e+05	296.51	0.0025897	0.0036236	0.0036236	0.003632	0.003632
2.2188	1.3709e-16	1.6982e+05	1.6737e+05	286.62	0.0027111	0.0040267	0.0040267	0.0044769	0.0040376
2.2188	1.3709e-16	1.6982e+05	1.6737e+05	286.41	0.0041844	0.0057209	0.0057209	0.0066447	0.005876
2.2188	1.3709e-16	1.6982e+05	1.6737e+05	286.19	0.0056489	0.0074563	0.0074563	0.0088767	0.0081024
2.2188	1.3709e-16	1.6982e+05	1.6737e+05	286.73	0.0020181	0.0031759	0.34042	0.0045931	0.0038181
2.2188	1.3709e-16	1.6982e+05	1.6737e+05	286.48	0.0036969	0.0051797	0.0051797	0.0059807	0.0052134
2.2188	1.3709e-16	1.6982e+05	1.6737e+05	286.49	0.003685	0.0050503	0.0050503	0.0056661	0.0050671
2.2188	1.3709e-16	1.6982e+05	1.6737e+05	286.68	0.002349	0.0035158	0.0035158	0.0038228	0.0035241
2.2188	1.3709e-16	1.6982e+05	1.6737e+05	286.08	0.0064207	0.0083013	0.0083013	0.010047	0.0092691
2.2188	1.3709e-16	1.6982e+05	1.6737e+05	285.79	0.0083471	0.010507	0.010507	0.012861	0.012076
2.2188	1.3709e-16	1.6982e+05	1.6737e+05	285.64	0.0092288	0.011533	0.011533	0.013788	0.013005
2.2188	1.3709e-16	1.6982e+05	1.6737e+05	285.57	0.0096256	0.011992	0.011992	0.014308	0.013524
2.2188	1.3709e-16	1.6982e+05	1.6737e+05	286.58	0.0030828	0.0043636	0.0043636	0.0048883	0.0043764
0	0	0	0	298.81	0.0030769	0.0030827	0.0030827	0.0030831	0.0030831
0	0	0	0	298.82	0.0029304	0.0029724	0.0029724	0.0029727	0.0029727
0	0	0	0	298.81	0.0039334	0.0039919	0.0039919	0.0039924	0.0039924
0	0	0	0	298.81	0.0036776	0.0037156	0.0037156	0.0037161	0.0037161
0	0	0	0	298.82	0.0033095	0.003293	0.003293	0.0032934	0.0032934
0	0	0	0	298.81	0.0046123	0.004554	0.004554	0.0045547	0.0045547
0	0	0	0	298.82	0.0036739	0.0036272	0.0036272	0.0036276	0.0036276
0	0	0	0	298.8	0.0060359	0.0060423	0.0060423	0.0060435	0.0060435
0	0	0	0	298.81	0.0050268	0.0050196	0.0050196	0.0050204	0.0050204
0	0	0	0	298.8	0.0051983	0.005225	0.005225	0.0052259	0.0052259
0	0	0	0	298.81	0.0044963	0.0044569	0.0044569	0.0044576	0.0044576
0	0	0	0	298.8	0.0049804	0.0050072	0.0050072	0.0050081	0.0050081
0	0	0	0	298.8	0.0042521	0.0042259	0.0042259	0.0042266	0.0042266
0	0	0	0	298.8	0.0044688	0.0045092	0.0045092	0.00451	0.00451
0	0	0	0	298.8	0.0039267	0.0039244	0.0039244	0.003925	0.003925
0	0	0	0	298.82	0.0021056	0.0020562	0.0020562	0.0020563	0.0020563
0	0	0	0	298.81	0.0031727	0.0031176	0.0031176	0.003118	0.003118
0	0	0	0	298.82	0.0029377	0.0029131	0.0029131	0.0029134	0.0029134
0	0	0	0	298.81	0.0040915	0.0040983	0.0040983	0.0040989	0.0040989
0	0	0	0	298.8	0.0054602	0.0054625	0.0054625	0.0054635	0.0054635
0	0	0	0	298.81	0.0045109	0.0044679	0.0044679	0.0044685	0.0044685
0	0	0	0	298.8	0.0059254	0.0059198	0.0059198	0.005921	0.005921
6.4231	7.7844e-17	2.3454e+05	2.3223e+05	296.6	0.010155	0.011516	0.44147	0.01284	0.012202
6.4231	7.7844e-17	2.3454e+05	2.3223e+05	296.42	0.014333	0.016097	0.25397	0.017613	0.016974
6.4231	7.7844e-17	2.3454e+05	2.3223e+05	296.25	0.018381	0.020332	0.28565	0.022243	0.021604
6.4231	7.7844e-17	2.3454e+05	2.3223e+05	296.08	0.02232	0.024384	0.070186	0.026447	0.025808
6.4231	7.7844e-17	2.3454e+05	2.3223e+05	295.85	0.027055	0.02965	0.02965	0.032089	0.031442
6.4231	7.7844e-17	2.3454e+05	2.3223e+05	295.72	0.03005	0.032701	0.032701	0.03539	0.034742
6.4231	7.7844e-17	2.3454e+05	2.3223e+05	296.47	0.013124	0.014787	0.52706	0.016463	0.015824
6.4231	7.7844e-17	2.3454e+05	2.3223e+05	296.75	0.0064103	0.0075101	0.62953	0.0087036	0.008066
6.4231	7.7844e-17	2.3454e+05	2.3223e+05	295.5	0.034465	0.037513	0.037513	0.040544	0.039893
6.4231	7.7844e-17	2.3454e+05	2.3223e+05	295.49	0.034787	0.037821	0.037821	0.041017	0.040366
6.4231	7.7844e-17	2.3454e+05	2.3223e+05	296.57	0.0065174	0.0077106	0.0077106	0.0077286	0.0077286
6.4231	7.7844e-17	2.3454e+05	2.3223e+05	296.62	0.0064991	0.0076283	0.0076283	0.007645	0.007645
6.4231	7.7844e-17	2.3454e+05	2.3223e+05	296.65	0.0065683	0.0078015	0.0078015	0.0078181	0.0078181
6.4231	7.7844e-17	2.3454e+05	2.3223e+05	296.69	0.0063347	0.0074915	0.0074915	0.0075063	0.0075063
6.4231	7.7844e-17	2.3454e+05	2.3223e+05	296.74	0.0054931	0.0066092	0.0066092	0.0066205	0.0066205
6.4231	7.7844e-17	2.3454e+05	2.3223e+05	296.7	0.0065565	0.0077833	0.0077833	0.0077987	0.0077987
6.4231	7.7844e-17	2.3454e+05	2.3223e+05	296.68	0.0073081	0.0084665	0.0084665	0.0084844	0.0084844
6.4231	7.7844e-17	2.3454e+05	2.3223e+05	296.71	0.0066857	0.0078917	0.0078917	0.007907	0.007907
7.4054	6.7519e-17	3.4352e+05	3.4062e+05	297.28	0.010674	0.011436	0.48805	0.012479	0.011957
7.4054	6.7519e-17	3.4352e+05	3.4062e+05	297.04	0.019608	0.021087	0.4977	0.022616	0.022092
7.4054	6.7519e-17	3.4352e+05	3.4062e+05	296.64	0.033443	0.035024	0.035024	0.035249	0.035249
7.4054	6.7519e-17	3.4352e+05	3.4062e+05	296.47	0.039838	0.041616	0.041616	0.043265	0.042735
7.4054	6.7519e-17	3.4352e+05	3.4062e+05	296.89	0.025234	0.026439	0.026439	0.027752	0.027226
7.4054	6.7519e-17	3.4352e+05	3.4062e+05	297.09	0.018134	0.018719	0.018719	0.019548	0.019025
7.4054	6.7519e-17	3.4352e+05	3.4062e+05	296.64	0.035324	0.035782	0.035782	0.037508	0.036979
7.4054	6.7519e-17	3.4352e+05	3.4062e+05	296.47	0.041849	0.041836	0.055177	0.044063	0.043537
7.4054	6.7519e-17	3.4352e+05	3.4062e+05	296.41	0.042675	0.04377	0.04377	0.045884	0.045352
7.4054	6.7519e-17	3.4352e+05	3.4062e+05	297.16	0.0071754	0.0077529	0.0077529	0.0077689	0.0077689
7.4054	6.7519e-17	3.4352e+05	3.4062e+05	297.19	0.0069546	0.007711	0.007711	0.0077263	0.0077263
7.4054	6.7519e-17	3.4352e+05	3.4062e+05	297.21	0.0068507	0.0075523	0.0075523	0.0075666	0.0075666
7.4054	6.7519e-17	3.4352e+05	3.4062e+05	297.26	0.0065533	0.0071899	0.0071899	0.0072023	0.0072023
7.4054	6.7519e-17	3.4352e+05	3.4062e+05	297.29	0.0062741	0.0068762	0.0068762	0.0068871	0.0068871
7.4054	6.7519e-17	3.4352e+05	3.4062e+05	297.32	0.0061871	0.0066582	0.0066582	0.006668	0.006668
7.4054	6.7519e-17	3.4352e+05	3.4062e+05	297.29	0.0073442	0.0079658	0.0079658	0.0079793	0.0079793
7.4054	6.7519e-17	3.4352e+05	3.4062e+05	297.26	0.0088443	0.0095267	0.0095267	0.0095452	0.0095452
7.4054	6.7519e-17	3.4352e+05	3.4062e+05	297.3	0.0079637	0.0086368	0.0086368	0.0086515	0.0086515
7.4054	6.7519e-17	3.4352e+05	3.4062e+05	297.31	0.0083702	0.0090223	0.0090223	0.0090376	0.0090376
7.4054	6.7519e-17	3.4352e+05	3.4062e+05	297.29	0.0095547	0.010199	0.010199	0.010218	0.010218
0	0	0	0	298.6	0.0033038	0.0032739	0.0032739	0.0032743	0.0032743
0	0	0	0	298.61	0.0030412	0.003054	0.003054	0.0030544	0.0030544
0	0	0	0	298.61	0.0036823	0.0036935	0.0036935	0.003694	0.003694
0	0	0	0	298.6	0.0045237	0.0045341	0.0045341	0.0045349	0.0045349
0	0	0	0	298.61	0.0039634	0.0039757	0.0039757	0.0039763	0.0039763
0	0	0	0	298.6	0.0053264	0.0052697	0.0052697	0.0052707	0.0052707
4.838	7.7822e-17	2.3461e+05	2.3231e+05	296.65	0.0060634	0.006752	0.006752	0.0067665	0.0067665
4.838	7.7822e-17	2.3461e+05	2.3231e+05	296.64	0.0055699	0.0063611	0.0063611	0.0063744	0.0063744
4.838	7.7822e-17	2.3461e+05	2.3231e+05	296.55	0.0060666	0.0068954	0.0068954	0.0069118	0.0069118
4.838	7.7822e-17	2.3461e+05	2.3231e+05	296.67	0.0056821	0.0064232	0.0064232	0.0064363	0.0064363
4.838	7.7822e-17	2.3461e+05	2.3231e+05	296.68	0.0057729	0.0065356	0.0065356	0.0065487	0.0065487
4.838	7.7822e-17	2.3461e+05	2.3231e+05	296.73	0.0051276	0.0058597	0.0058597	0.0058701	0.0058701
4.838	7.7822e-17	2.3461e+05	2.3231e+05	296.71	0.0056052	0.00642	0.00642	0.0064323	0.0064323
4.838	7.7822e-17	2.3461e+05	2.3231e+05	296.71	0.005885	0.0067654	0.0067654	0.0067786	0.0067786
4.838	7.7822e-17	2.3461e+05	2.3231e+05	296.6	0.0084559	0.0096876	0.31534	0.011037	0.010368
4.838	7.7822e-17	2.3461e+05	2.3231e+05	296.43	0.011553	0.013249	0.16542	0.01477	0.014101
4.838	7.7822e-17	2.3461e+05	2.3231e+05	296.28	0.014308	0.01627	0.01627	0.017922	0.017249
4.838	7.7822e-17	2.3461e+05	2.3231e+05	296.1	0.017586	0.019898	0.019898	0.021929	0.021253
4.838	7.7822e-17	2.3461e+05	2.3231e+05	295.86	0.021836	0.024754	0.045365	0.027404	0.026732
4.838	7.7822e-17	2.3461e+05	2.3231e+05	295.73	0.023902	0.027171	0.027171	0.030011	0.02933
4.838	7.7822e-17	2.3461e+05	2.3231e+05	296.48	0.010606	0.012347	0.44956	0.014142	0.013471
4.838	7.7822e-17	2.3461e+05	2.3231e+05	296.77	0.0050782	0.0060859	0.48715	0.0073018	0.0066331
4.838	7.7822e-17	2.3461e+05	2.3231e+05	296.76	0.0051526	0.0061472	0.50914	0.0073978	0.0067288
4.838	7.7822e-17	2.3461e+05	2.3231e+05	295.5	0.027581	0.031278	0.031278	0.034472	0.03379
4.8271	7.7999e-17	2.3403e+05	2.3172e+05	296.49	0.0056062	0.0066244	0.0066244	0.0066396	0.0066396
4.8271	7.7999e-17	2.3403e+05	2.3172e+05	296.55	0.0051746	0.0062448	0.0062448	0.0062579	0.0062579
4.8271	7.7999e-17	2.3403e+05	2.3172e+05	296.56	0.0053092	0.0063277	0.0063277	0.0063409	0.0063409
4.8271	7.7999e-17	2.3403e+05	2.3172e+05	296.64	0.0045497	0.0054631	0.0054631	0.0054725	0.0054725
4.8271	7.7999e-17	2.3403e+05	2.3172e+05	296.61	0.0054994	0.0064457	0.0064457	0.0064585	0.0064585
4.8271	7.7999e-17	2.3403e+05	2.3172e+05	296.65	0.0048317	0.0057677	0.0057677	0.0057778	0.0057778
4.8271	7.7999e-17	2.3403e+05	2.3172e+05	296.64	0.0052633	0.0061894	0.0061894	0.0062008	0.0062008
4.8271	7.7999e-17	2.3403e+05	2.3172e+05	296.65	0.0052163	0.006231	0.006231	0.0062424	0.0062424
4.8271	7.7999e-17	2.3403e+05	2.3172e+05	296.68	0.0048531	0.0058588	0.0058588	0.0058686	0.0058686
4.8271	7.7999e-17	2.3403e+05	2.3172e+05	296.38	0.010844	0.01268	0.51284	0.014596	0.013923
4.8271	7.7999e-17	2.3403e+05	2.3172e+05	296.17	0.014606	0.016936	0.14366	0.018828	0.018157
4.8271	7.7999e-17	2.3403e+05	2.3172e+05	296.62	0.0062512	0.0075838	0.31005	0.008718	0.0080496
4.8271	7.7999e-17	2.3403e+05	2.3172e+05	296.56	0.0073485	0.008864	0.008864	0.0096125	0.008945
4.8271	7.7999e-17	2.3403e+05	2.3172e+05	296.18	0.015074	0.016765	0.51693	0.019119	0.018445
4.8271	7.7999e-17	2.3403e+05	2.3172e+05	296.06	0.016561	0.019067	0.019067	0.021032	0.020356
4.8271	7.7999e-17	2.3403e+05	2.3172e+05	295.92	0.019264	0.022005	0.19267	0.024529	0.023856
4.8271	7.7999e-17	2.3403e+05	2.3172e+05	295.8	0.021531	0.024223	0.024223	0.026425	0.025748
4.8271	7.7999e-17	2.3403e+05	2.3172e+05	295.63	0.02457	0.027567	0.044459	0.030562	0.02989
4.8271	7.7999e-17	2.3403e+05	2.3172e+05	295.54	0.026335	0.029094	0.029094	0.031843	0.031163
4.8271	7.7999e-17	2.3403e+05	2.3172e+05	295.39	0.028787	0.031889	0.031889	0.03525	0.034566
4.8271	7.7999e-17	2.3403e+05	2.3172e+05	296.14	0.015462	0.017566	0.056424	0.019414	0.018743
4.8271	7.7999e-17	2.3403e+05	2.3172e+05	295.31	0.029702	0.033283	0.033283	0.036718	0.036033
4.8271	7.7999e-17	2.3403e+05	2.3172e+05	296.13	0.015465	0.017649	0.017649	0.019397	0.018723
5.5778	6.7501e-17	3.4362e+05	3.4072e+05	297.17	0.0061118	0.0065121	0.0065121	0.006525	0.006525
5.5778	6.7501e-17	3.4362e+05	3.4072e+05	297.2	0.0059978	0.0064461	0.0064461	0.0064583	0.0064583
5.5778	6.7501e-17	3.4362e+05	3.4072e+05	297.22	0.0059264	0.0062822	0.0062822	0.0062936	0.0062936
5.5778	6.7501e-17	3.4362e+05	3.4072e+05	297.27	0.005642	0.0059397	0.0059397	0.0059495	0.0059495
5.5778	6.7501e-17	3.4362e+05	3.4072e+05	297.26	0.0061565	0.006536	0.006536	0.0065475	0.0065475
5.5778	6.7501e-17	3.4362e+05	3.4072e+05	297.3	0.0057868	0.0061456	0.0061456	0.0061554	0.0061554
5.5778	6.7501e-17	3.4362e+05	3.4072e+05	297.3	0.0062194	0.006601	0.006601	0.0066119	0.0066119
5.5778	6.7501e-17	3.4362e+05	3.4072e+05	297.24	0.0081859	0.0086899	0.0086899	0.008708	0.008708
5.5778	6.7501e-17	3.4362e+05	3.4072e+05	297.28	0.0074328	0.0078174	0.0078174	0.0078318	0.0078318
5.5778	6.7501e-17	3.4362e+05	3.4072e+05	297.31	0.0073752	0.0077436	0.0077436	0.0077571	0.0077571
5.5778	6.7501e-17	3.4362e+05	3.4072e+05	297.28	0.00853	0.0090383	0.0090383	0.0090562	0.0090562
5.5778	6.7501e-17	3.4362e+05	3.4072e+05	297.28	0.0091799	0.0099289	0.39075	0.011047	0.010502
5.5778	6.7501e-17	3.4362e+05	3.4072e+05	297.16	0.012564	0.01365	0.01365	0.014135	0.01369
5.5778	6.7501e-17	3.4362e+05	3.4072e+05	296.85	0.020829	0.023066	0.023066	0.024362	0.023812
5.5778	6.7501e-17	3.4362e+05	3.4072e+05	296.59	0.028574	0.031282	0.20058	0.033539	0.032988
5.5778	6.7501e-17	3.4362e+05	3.4072e+05	296.44	0.031776	0.035196	0.035196	0.03703	0.036475
5.5778	6.7501e-17	3.4362e+05	3.4072e+05	296.61	0.027421	0.03055	0.094075	0.03261	0.03206
5.5778	6.7501e-17	3.4362e+05	3.4072e+05	296.87	0.020283	0.022423	0.022423	0.023565	0.023016
5.5778	6.7501e-17	3.4362e+05	3.4072e+05	296.95	0.018137	0.020278	0.14991	0.021712	0.021164
5.5778	6.7501e-17	3.4362e+05	3.4072e+05	297.13	0.013062	0.014363	0.014363	0.014949	0.014407
5.5778	6.7501e-17	3.4362e+05	3.4072e+05	296.72	0.024787	0.027181	0.027181	0.028748	0.028196
5.5778	6.7501e-17	3.4362e+05	3.4072e+05	296.53	0.030084	0.033007	0.043648	0.035175	0.034626
5.5778	6.7501e-17	3.4362e+05	3.4072e+05	296.37	0.033842	0.037502	0.037502	0.039804	0.039246
5.5778	6.7501e-17	3.4362e+05	3.4072e+05	296.33	0.034462	0.038671	0.1022	0.041343	0.040791
0.27768	1.0965e-16	2.6341e+05	2.5453e+05	286.05	0.010642	0.012396	0.14966	0.027644	0.013403
0.27768	1.0965e-16	2.6341e+05	2.5453e+05	288.75	0.00013816	0.00019418	0.11116	0.00091049	0.00019421
0.27768	1.0965e-16	2.6341e+05	2.5453e+05	288.71	0.00030685	0.00037474	0.10515	0.0017679	0.00037486
0.27768	1.0965e-16	2.6341e+05	2.5453e+05	288.69	0.0003974	0.00046454	0.09751	0.0022016	0.00046472
0.27768	1.0965e-16	2.6341e+05	2.5453e+05	288.69	0.00042659	0.00050271	0.089815	0.0023907	0.00050293
0.27768	1.0965e-16	2.6341e+05	2.5453e+05	288.67	0.0005179	0.00060493	0.082184	0.0028909	0.00060525
0.27768	1.0965e-16	2.6341e+05	2.5453e+05	288.65	0.00060022	0.00069417	0.076086	0.0033311	0.00069458
0.27768	1.0965e-16	2.6341e+05	2.5453e+05	288.63	0.00066908	0.0007704	0.069976	0.003587	0.00077091
0.27768	1.0965e-16	2.6341e+05	2.5453e+05	288.61	0.0007544	0.00087226	0.066984	0.0036762	0.00087291
0.27768	1.0965e-16	2.6341e+05	2.5453e+05	288.57	0.00092593	0.0010757	0.064094	0.0039504	0.0010767
0.27768	1.0965e-16	2.6341e+05	2.5453e+05	288.48	0.0012678	0.0014811	0.061406	0.0045944	0.001483
0.27768	1.0965e-16	2.6341e+05	2.5453e+05	288.3	0.0019953	0.0023482	0.060726	0.0061371	0.0023529
0.27768	1.0965e-16	2.6341e+05	2.5453e+05	288.04	0.0030236	0.0035616	0.058846	0.0082811	0.0036054
0.27768	1.0965e-16	2.6341e+05	2.5453e+05	287.8	0.0039666	0.0046656	0.049123	0.0099964	0.0047684
0.27768	1.0965e-16	2.6341e+05	2.5453e+05	287.55	0.0049619	0.0058121	0.044083	0.011952	0.0059922
0.27768	1.0965e-16	2.6341e+05	2.5453e+05	287.31	0.0058975	0.0068807	0.040511	0.013825	0.0071384
0.27768	1.0965e-16	2.6341e+05	2.5453e+05	287.05	0.0069303	0.0080345	0.037025	0.015838	0.0083794
0.27768	1.0965e-16	2.6341e+05	2.5453e+05	286.79	0.0078733	0.0091442	0.033494	0.017816	0.009575
0.27768	1.0965e-16	2.6341e+05	2.5453e+05	286.27	0.0098191	0.011362	0.031071	0.022028	0.011983
0.27768	1.0965e-16	2.6341e+05	2.5453e+05	285.8	0.011481	0.013271	0.025246	0.025563	0.014056
0.11742	1.0973e-16	2.5624e+05	2.4186e+05	287.86	9.9003e-05	0.00013121	0.09611	0.0010861	0.00013207
0.11742	1.0973e-16	2.5624e+05	2.4186e+05	287.84	0.00016495	0.00018636	0.096165	0.001546	0.00018778
0.11742	1.0973e-16	2.5624e+05	2.4186e+05	287.82	0.00021859	0.00024145	0.09622	0.0020075	0.00024343
0.11742	1.0973e-16	2.5624e+05	2.4186e+05	287.79	0.0002946	0.00031714	0.09697	0.0026438	0.00032023
0.11742	1.0973e-16	2.5624e+05	2.4186e+05	287.75	0.00036506	0.00039956	0.097052	0.0033421	0.00040351
0.11742	1.0973e-16	2.5624e+05	2.4186e+05	287.73	0.00042816	0.00046815	0.097121	0.0039269	0.00047283
0.11742	1.0973e-16	2.5624e+05	2.4186e+05	287.7	0.00047323	0.00052979	0.097182	0.0044553	0.00053514
0.11742	1.0973e-16	2.5624e+05	2.4186e+05	287.65	0.00060844	0.00067326	0.096652	0.0056986	0.0006799
0.11742	1.0973e-16	2.5624e+05	2.4186e+05	287.6	0.00072261	0.00079598	0.096774	0.0067723	0.00080401
0.11742	1.0973e-16	2.5624e+05	2.4186e+05	287.49	0.0009735	0.0010676	0.097046	0.00919	0.0010789
0.11742	1.0973e-16	2.5624e+05	2.4186e+05	287.37	0.0012514	0.0013716	0.09735	0.011007	0.0013865
0.11742	1.0973e-16	2.5624e+05	2.4186e+05	287.22	0.0015925	0.0017472	0.097726	0.011998	0.001767
0.11742	1.0973e-16	2.5624e+05	2.4186e+05	286.97	0.0021859	0.0023844	0.097689	0.013636	0.0024128
0.11742	1.0973e-16	2.5624e+05	2.4186e+05	286.82	0.0024938	0.0027393	0.098044	0.014582	0.002773
0.11742	1.0973e-16	2.5624e+05	2.4186e+05	286.28	0.0037257	0.0040692	0.0987	0.018107	0.0041247
0.11742	1.0973e-16	2.5624e+05	2.4186e+05	285.25	0.0059342	0.0064776	0.099087	0.02457	0.0065812
0.11742	1.0973e-16	2.5624e+05	2.4186e+05	284.73	0.0070308	0.0076593	0.099595	0.027837	0.0077904
0.11742	1.0973e-16	2.5624e+05	2.4186e+05	284.23	0.0080825	0.0087616	0.10002	0.03093	0.0089208
0.11756	1.0961e-16	2.5657e+05	2.4217e+05	287.87	0.00018915	0.00020364	0.096357	0.0016885	0.00020533
0.11756	1.0961e-16	2.5657e+05	2.4217e+05	287.83	0.00027847	0.00030005	0.097127	0.0024964	0.00030304
0.11756	1.0961e-16	2.5657e+05	2.4217e+05	287.79	0.00037846	0.00040999	0.097237	0.0034264	0.00041413
0.11756	1.0961e-16	2.5657e+05	2.4217e+05	287.66	0.0006844	0.00074863	0.097575	0.0063453	0.0007565
0.11756	1.0961e-16	2.5657e+05	2.4217e+05	287.42	0.0012263	0.001352	0.098179	0.011018	0.001367
0.11756	1.0961e-16	2.5657e+05	2.4217e+05	287.13	0.001887	0.0020741	0.097891	0.012848	0.0020984
0.11756	1.0961e-16	2.5657e+05	2.4217e+05	286.61	0.0030767	0.0033648	0.098508	0.016241	0.0034085
0.11756	1.0961e-16	2.5657e+05	2.4217e+05	286.36	0.0036239	0.0039618	0.098432	0.017799	0.0040155
0.11756	1.0961e-16	2.5657e+05	2.4217e+05	285.85	0.0047709	0.0051839	0.099654	0.021128	0.0052605
0.11756	1.0961e-16	2.5657e+05	2.4217e+05	285.06	0.0064702	0.0070127	0.099463	0.026046	0.0071285
0.11756	1.0961e-16	2.5657e+05	2.4217e+05	284.26	0.0081291	0.0087881	0.10057	0.031034	0.0089481
0.11756	1.0961e-16	2.5657e+05	2.4217e+05	283.85	0.0089712	0.0096707	0.10078	0.033535	0.0098547
0.010769	1.1408e-16	2.5713e+05	2.1627e+05	285.45	4.866e-05	0.00020572	0.028454	0.021492	0.00029679
0.010769	1.1408e-16	2.5713e+05	2.1627e+05	285.71	4.1389e-05	0.00018895	0.028507	0.020842	0.0002715
0.010769	1.1408e-16	2.5713e+05	2.1627e+05	285.7	4.3702e-05	0.00018938	0.028577	0.020891	0.00027256
0.010769	1.1408e-16	2.5713e+05	2.1627e+05	285.98	3.9819e-05	0.00017007	0.028558	0.020139	0.00024341
0.010769	1.1408e-16	2.5713e+05	2.1627e+05	286.5	3.0287e-05	0.00013138	0.02845	0.018684	0.00018573
0.010769	1.1408e-16	2.5713e+05	2.1627e+05	287.03	2.0972e-05	8.8449e-05	0.028337	0.013057	0.0001232
0.010769	1.1408e-16	2.5713e+05	2.1627e+05	287.03	2.1385e-05	8.8338e-05	0.028337	0.013038	0.00012304
0.15171	8.4929e-17	3.4131e+05	3.2416e+05	297.02	0.00076712	0.00081969	0.00081969	0.00082037	0.00082037
0.15171	8.4929e-17	3.4131e+05	3.2416e+05	296.75	0.0013851	0.0014808	0.0014808	0.001483	0.001483
0.15171	8.4929e-17	3.4131e+05	3.2416e+05	295.79	0.0036766	0.0039085	0.0039085	0.0039253	0.0039253
0.15171	8.4929e-17	3.4131e+05	3.2416e+05	295.77	0.003708	0.0039503	0.0039503	0.0039675	0.0039675
0.15171	8.4929e-17	3.4131e+05	3.2416e+05	294.67	0.0064192	0.0067941	0.0067941	0.0068486	0.0068486
0.15171	8.4929e-17	3.4131e+05	3.2416e+05	294.21	0.0075661	0.0080072	0.0080072	0.0080851	0.0080851
0.15171	8.4929e-17	3.4131e+05	3.2416e+05	294.42	0.0072111	0.0075925	0.0075925	0.0076635	0.0076635
0.15171	8.4929e-17	3.4131e+05	3.2416e+05	294.64	0.0067604	0.0071317	0.0071317	0.007195	0.007195
0.15171	8.4929e-17	3.4131e+05	3.2416e+05	294.88	0.0062196	0.0065812	0.0065812	0.0066358	0.0066357
0.15171	8.4929e-17	3.4131e+05	3.2416e+05	295.28	0.0053182	0.0056676	0.0056676	0.0057099	0.0057089
0.15171	8.4929e-17	3.4131e+05	3.2416e+05	295.56	0.0047023	0.0049632	0.0049632	0.0049959	0.004995
0.15171	8.4929e-17	3.4131e+05	3.2416e+05	295.83	0.0040713	0.0042666	0.0042666	0.0042897	0.0042903
0.15171	8.4929e-17	3.4131e+05	3.2416e+05	296.12	0.0033652	0.0034889	0.0034889	0.0035046	0.0035049
0.15171	8.4929e-17	3.4131e+05	3.2416e+05	296.43	0.002599	0.0026453	0.0026453	0.0039221	0.0026546
0.15171	8.4929e-17	3.4131e+05	3.2416e+05	296.77	0.0017277	0.0016854	0.0057417	0.0043611	0.0016891
0.15171	8.4929e-17	3.4131e+05	3.2416e+05	296.93	0.0013055	0.0012286	0.022178	0.0045498	0.0012306
0.15171	8.4929e-17	3.4131e+05	3.2416e+05	296.99	0.0018922	0.0010514	0.061232	0.007057	0.0010529
0.15171	8.4929e-17	3.4131e+05	3.2416e+05	297.1	0.0014137	0.00073208	0.060913	0.0048643	0.0007328
0.15171	8.4929e-17	3.4131e+05	3.2416e+05	297.23	0.00072502	0.00035258	0.061623	0.0023136	0.00035275
0.15171	8.4929e-17	3.4131e+05	3.2416e+05	297.3	0.00040352	0.00016197	0.064701	0.0010542	0.000162
0.15171	8.4929e-17	3.4131e+05	3.2416e+05	297.31	0.00039392	0.00011787	0.065747	0.00076556	0.00011789
0.15171	8.4929e-17	3.4131e+05	3.2416e+05	297.31	0.00026175	0.00011052	0.066284	0.00071741	0.00011054
0.15171	8.4929e-17	3.4131e+05	3.2416e+05	297.32	0.00023359	8.8421e-05	0.065717	0.0005738	8.8431e-05
0.15171	8.4929e-17	3.4131e+05	3.2416e+05	297.25	0.00066131	0.00030046	0.049039	0.0019859	0.00030058
0.15171	8.4929e-17	3.4131e+05	3.2416e+05	297.25	0.00065903	0.00029776	0.0081687	0.001317	0.00029788
0.15171	8.4929e-17	3.4131e+05	3.2416e+05	297.07	0.00082806	0.00081444	0.00081444	0.0014229	0.00081531
0.15171	8.4929e-17	3.4131e+05	3.2416e+05	297.22	0.00061895	0.00037503	0.00037503	0.00037522	0.00037522
0.15171	8.4929e-17	3.4131e+05	3.2416e+05	297.27	0.00022835	0.00021969	0.00021969	0.00021975	0.00021975
0.12886	9.999e-17	2.2686e+05	2.1353e+05	294.68	0.0026374	0.0028023	0.0028023	0.0028121	0.0028121
0.12886	9.999e-17	2.2686e+05	2.1353e+05	292.6	0.0074244	0.0074896	0.11768	0.027664	0.007936
0.12886	9.999e-17	2.2686e+05	2.1353e+05	292.6	0.0074842	0.0075027	0.11955	0.027816	0.0079531
0.12886	9.999e-17	2.2686e+05	2.1353e+05	293.44	0.0056835	0.0057374	0.11871	0.022771	0.0060679
0.12886	9.999e-17	2.2686e+05	2.1353e+05	294.24	0.0039666	0.0039989	0.11836	0.017947	0.0042183
0.12886	9.999e-17	2.2686e+05	2.1353e+05	294.65	0.0030685	0.003081	0.11884	0.015482	0.0032455
0.12886	9.999e-17	2.2686e+05	2.1353e+05	295.18	0.0018621	0.001865	0.11901	0.012231	0.0019587
0.12886	9.999e-17	2.2686e+05	2.1353e+05	295.69	0.00065113	0.00065472	0.12105	0.0063422	0.0006847
0.12886	9.999e-17	2.2686e+05	2.1353e+05	295.83	0.00034577	0.00034151	0.12259	0.0032539	0.00035754
0.12886	9.999e-17	2.2686e+05	2.1353e+05	295.87	0.00022818	0.00022798	0.12387	0.0021586	0.00024044
0.1419	9.0805e-17	2.5251e+05	2.382e+05	299.12	0.0010126	0.00072116	0.053866	0.0051615	0.00072186
0.1419	9.0805e-17	2.5251e+05	2.382e+05	299.16	0.00090044	0.00061061	0.056325	0.0050298	0.00061112
0.1419	9.0805e-17	2.5251e+05	2.382e+05	299.23	0.00069702	0.00045408	0.061308	0.0040895	0.00045436
0.1419	9.0805e-17	2.5251e+05	2.382e+05	299.34	0.00011188	0.0001783	0.066172	0.0015814	0.00017834
0.1419	9.0805e-17	2.5251e+05	2.382e+05	299.33	0.00015915	0.00020477	0.069624	0.0018147	0.00020483
0.1419	9.0805e-17	2.5251e+05	2.382e+05	299.31	0.00020043	0.00023787	0.07394	0.002106	0.00023795
0.1419	9.0805e-17	2.5251e+05	2.382e+05	299.2	0.00052351	0.00052156	0.087072	0.0046422	0.00052193
0.1419	9.0805e-17	2.5251e+05	2.382e+05	299.19	0.00053548	0.00054811	0.090525	0.0048747	0.00054852
0.1419	9.0805e-17	2.5251e+05	2.382e+05	299.18	0.00053996	0.00057467	0.093977	0.0051069	0.00057512
0.1419	9.0805e-17	2.5251e+05	2.382e+05	299.17	0.00054744	0.00060789	0.098293	0.0053969	0.0006084
0.1419	9.0805e-17	2.5251e+05	2.382e+05	299.15	0.00051603	0.0006544	0.10391	0.0058033	0.00065499
0.1419	9.0805e-17	2.5251e+05	2.382e+05	299.14	0.00050107	0.0006744	0.10692	0.0059758	0.00067845
0.1419	9.0805e-17	2.5251e+05	2.382e+05	299.11	0.00015406	0.00073762	0.1147	0.0065255	0.00076246
0.1419	9.0805e-17	2.5251e+05	2.382e+05	299.04	0.00029017	0.00091184	0.1183	0.0081146	0.00095474
0.1419	9.0805e-17	2.5251e+05	2.382e+05	298.94	0.00064167	0.0011666	0.11855	0.010218	0.001225
0.1419	9.0805e-17	2.5251e+05	2.382e+05	298.83	0.0009124	0.0014332	0.11967	0.010969	0.0015099
0.1419	9.0805e-17	2.5251e+05	2.382e+05	298.69	0.0012893	0.0017761	0.12173	0.011974	0.0018777
0.1419	9.0805e-17	2.5251e+05	2.382e+05	298.47	0.0018098	0.0023141	0.12227	0.013395	0.0024495
0.1419	9.0805e-17	2.5251e+05	2.382e+05	298.06	0.0029466	0.003298	0.12411	0.016067	0.0034987
0.1419	9.0805e-17	2.5251e+05	2.382e+05	297.81	0.0036496	0.0038994	0.12471	0.017682	0.0041398
0.1419	9.0805e-17	2.5251e+05	2.382e+05	297.29	0.0048013	0.0050918	0.12676	0.020968	0.0054149
0.1419	9.0805e-17	2.5251e+05	2.382e+05	297.03	0.0055043	0.0056996	0.12737	0.022634	0.0060651
0.1419	9.0805e-17	2.5251e+05	2.382e+05	296.5	0.0067009	0.0068853	0.12941	0.025972	0.0073372
0.1419	9.0805e-17	2.5251e+05	2.382e+05	295.98	0.0077928	0.0080205	0.13055	0.029165	0.0085562
0.1419	9.0805e-17	2.5251e+05	2.382e+05	295.43	0.0089296	0.0091825	0.13085	0.032433	0.009805
0.13832	9.3149e-17	2.4544e+05	2.3139e+05	297.78	0.0014255	0.001557	0.001557	0.0015598	0.0015598
0.13832	9.3149e-17	2.4544e+05	2.3139e+05	297.64	0.0017389	0.0018872	0.0018872	0.0018914	0.0018914
0.13832	9.3149e-17	2.4544e+05	2.3139e+05	297.27	0.0025903	0.0027124	0.0027124	0.0027213	0.0027213
0.13832	9.3149e-17	2.4544e+05	2.3139e+05	297.41	0.0023236	0.002432	0.002432	0.0024393	0.0024393
0.13832	9.3149e-17	2.4544e+05	2.3139e+05	297.71	0.0016193	0.0017482	0.0017482	0.0017519	0.0017519
0.13832	9.3149e-17	2.4544e+05	2.3139e+05	297.66	0.001843	0.0019125	0.0019125	0.0019171	0.0019171
0.13832	9.3149e-17	2.4544e+05	2.3139e+05	297.91	0.0013441	0.001366	0.001366	0.0013684	0.0013684
0.13832	9.3149e-17	2.4544e+05	2.3139e+05	298.06	0.0010216	0.0010301	0.0010301	0.0010315	0.0010315
0.13832	9.3149e-17	2.4544e+05	2.3139e+05	298.32	0.0004061	0.00040613	0.00040613	0.00040636	0.00040636
0.13832	9.3149e-17	2.4544e+05	2.3139e+05	298.17	0.00084046	0.00078299	0.010464	0.002665	0.00078382
0.13832	9.3149e-17	2.4544e+05	2.3139e+05	298.25	0.00065829	0.00058599	0.038266	0.0038757	0.00058646
0.13832	9.3149e-17	2.4544e+05	2.3139e+05	298.2	0.0008804	0.0007205	0.087395	0.0066425	0.00072121
0.13832	9.3149e-17	2.4544e+05	2.3139e+05	298.11	0.0015268	0.00094528	0.11737	0.0086563	0.00098695
0.13832	9.3149e-17	2.4544e+05	2.3139e+05	298.11	0.0018526	0.00093865	0.11648	0.0085973	0.00097807
0.13832	9.3149e-17	2.4544e+05	2.3139e+05	298.1	0.0022294	0.00095853	0.11913	0.0087741	0.0010047
0.13832	9.3149e-17	2.4544e+05	2.3139e+05	298.14	0.002342	0.0008738	0.11817	0.0079708	0.00091307
0.13832	9.3149e-17	2.4544e+05	2.3139e+05	298.15	0.0026332	0.0008473	0.11464	0.0077352	0.00087754
0.13832	9.3149e-17	2.4544e+05	2.3139e+05	298.1	0.0030581	0.00096453	0.11564	0.0088497	0.0010036
0.13832	9.3149e-17	2.4544e+05	2.3139e+05	298.03	0.0037982	0.001127	0.11755	0.010091	0.0011796
0.13832	9.3149e-17	2.4544e+05	2.3139e+05	298.03	0.0038733	0.001127	0.11755	0.010091	0.0011796
0.13832	9.3149e-17	2.4544e+05	2.3139e+05	297.93	0.0045384	0.0013662	0.11779	0.010722	0.0014333
0.13832	9.3149e-17	2.4544e+05	2.3139e+05	297.83	0.0055953	0.0016036	0.1154	0.011192	0.0016796
0.13832	9.3149e-17	2.4544e+05	2.3139e+05	297.71	0.0066717	0.0019019	0.10782	0.011507	0.0019798
0.13832	9.3149e-17	2.4544e+05	2.3139e+05	297.67	0.0069284	0.001988	0.11928	0.012426	0.002095
0.13832	9.3149e-17	2.4544e+05	2.3139e+05	297.63	0.0072647	0.0020898	0.11939	0.012697	0.0022031
0.13832	9.3149e-17	2.4544e+05	2.3139e+05	297.56	0.0079012	0.0022662	0.11606	0.012955	0.0023833
0.13832	9.3149e-17	2.4544e+05	2.3139e+05	297.48	0.0085243	0.0024477	0.11187	0.013175	0.0025672
0.13832	9.3149e-17	2.4544e+05	2.3139e+05	297.39	0.0092539	0.0026659	0.10771	0.013494	0.0027902
0.13832	9.3149e-17	2.4544e+05	2.3139e+05	297.38	0.009383	0.0026994	0.113	0.013903	0.0028366
0.13832	9.3149e-17	2.4544e+05	2.3139e+05	297.3	0.009964	0.0028675	0.11141	0.014248	0.0030119
0.13832	9.3149e-17	2.4544e+05	2.3139e+05	297.27	0.010205	0.0029403	0.12111	0.015028	0.0031091
0.13832	9.3149e-17	2.4544e+05	2.3139e+05	297.13	0.011312	0.0032783	0.12582	0.016205	0.0034777
0.13832	9.3149e-17	2.4544e+05	2.3139e+05	297.01	0.012234	0.003549	0.12347	0.016778	0.0037606
0.13832	9.3149e-17	2.4544e+05	2.3139e+05	296.76	0.013356	0.0041291	0.12142	0.018195	0.0043736
0.13832	9.3149e-17	2.4544e+05	2.3139e+05	296.28	0.015367	0.0052413	0.11641	0.020875	0.0055488
0.13832	9.3149e-17	2.4544e+05	2.3139e+05	296.25	0.015217	0.0053075	0.12523	0.021589	0.0056367
0.13832	9.3149e-17	2.4544e+05	2.3139e+05	295.74	0.017453	0.006438	0.12286	0.024524	0.0068395
0.13832	9.3149e-17	2.4544e+05	2.3139e+05	295.2	0.019569	0.0076002	0.12665	0.027968	0.0080905
0.13832	9.3149e-17	2.4544e+05	2.3139e+05	294.72	0.02113	0.0086173	0.12329	0.030619	0.0091752
0.13832	9.3149e-17	2.4544e+05	2.3139e+05	295.26	0.0099348	0.0073444	0.0073444	0.016028	0.007454
0.13832	9.3149e-17	2.4544e+05	2.3139e+05	295.61	0.0063781	0.0065316	0.0065316	0.006585	0.006589
0.13832	9.3149e-17	2.4544e+05	2.3139e+05	296.72	0.0038374	0.0039606	0.0039606	0.0039802	0.0039802
0.13832	9.3149e-17	2.4544e+05	2.3139e+05	297.34	0.0024597	0.0025445	0.0025445	0.0025522	0.0025522
0	0	0	0	297.06	0.0024312	0.0024402	0.0024402	0.0024406	0.0024406
0	0	0	0	297.02	0.0036785	0.003698	0.003698	0.003699	0.003699
0	0	0	0	297	0.0041577	0.0041856	0.0041856	0.004187	0.004187
0	0	0	0	296.95	0.0056869	0.0057038	0.0057038	0.0057063	0.0057063
0	0	0	0	296.91	2.9879e-05	6.2896e-05	6.2896e-05	6.2949e-05	6.2949e-05
0	0	0	0	296.89	3.2134e-05	7.0177e-05	7.0177e-05	7.0243e-05	7.0243e-05
0	0	0	0	296.86	3.5799e-05	8.1129e-05	8.1129e-05	8.1215e-05	8.1215e-05
0	0	0	0	296.84	3.9393e-05	9.3593e-05	9.3593e-05	9.3705e-05	9.3705e-05
0	0	0	0	296.84	3.9815e-05	0.00010427	0.00010427	0.0001044	0.0001044
0	0	0	0	296.84	4.052e-05	8.292e-05	8.292e-05	8.3012e-05	8.3012e-05
0	0	0	0	296.84	3.9886e-05	8.3057e-05	8.3057e-05	8.3149e-05	8.3149e-05
0	0	0	0	296.93	2.7906e-05	5.4389e-05	5.4389e-05	5.4429e-05	5.4429e-05
0	0	0	0	296.85	3.9209e-05	8.1352e-05	8.1352e-05	8.1441e-05	8.1441e-05
0	0	0	0	296.85	3.9111e-05	8.1352e-05	8.1352e-05	8.1441e-05	8.1441e-05
0	0	0	0	296.93	2.8611e-05	5.6317e-05	5.6317e-05	5.636e-05	5.636e-05
0	0	0	0	296.84	3.9393e-05	8.1556e-05	8.1556e-05	8.1646e-05	8.1646e-05
0	0	0	0	296.93	2.8526e-05	5.6207e-05	5.6207e-05	5.625e-05	5.625e-05
0	0	0	0	297.32	0.00054859	0.00053603	0.00053603	0.00053606	0.00053606
0	0	0	0	297.3	0.00086408	0.000854	0.000854	0.00085409	0.00085409
0	0	0	0	297.28	0.0011669	0.0011697	0.0011697	0.0011698	0.0011698
0	0	0	0	297.26	0.0014859	0.0014796	0.0014796	0.0014799	0.0014799
0	0	0	0	297.32	0.00056338	0.00056409	0.00056409	0.00056412	0.00056412
0	0	0	0	297.3	0.00071972	0.00072588	0.00072588	0.00072594	0.00072594
0	0	0	0	297.27	0.0012282	0.0012286	0.0012286	0.0012287	0.0012287
0	0	0	0	297.28	0.0012253	0.0012183	0.0012183	0.0012184	0.0012184
0	0	0	0	297.28	0.0012253	0.0012167	0.0012167	0.0012169	0.0012169
0	0	0	0	297.28	0.0012183	0.0012145	0.0012145	0.0012147	0.0012147
0.2462	1.2857e-16	1.7651e+05	1.6968e+05	286.01	0.00689	0.0082002	0.19358	0.021678	0.0092606
0.2462	1.2857e-16	1.7651e+05	1.6968e+05	286.38	0.0058382	0.0069188	0.1787	0.01859	0.0077651
0.2462	1.2857e-16	1.7651e+05	1.6968e+05	286.68	0.0049084	0.005858	0.17492	0.016272	0.0065536
0.2462	1.2857e-16	1.7651e+05	1.6968e+05	286.96	0.0041005	0.0048274	0.17117	0.01404	0.0053788
0.2462	1.2857e-16	1.7651e+05	1.6968e+05	287.22	0.0032621	0.0038736	0.17022	0.012055	0.0043008
0.2462	1.2857e-16	1.7651e+05	1.6968e+05	287.49	0.0024085	0.0028923	0.17195	0.010098	0.0032017
0.2462	1.2857e-16	1.7651e+05	1.6968e+05	287.66	0.0018704	0.0022571	0.17132	0.0087964	0.0024864
0.2462	1.2857e-16	1.7651e+05	1.6968e+05	287.79	0.0014314	0.001726	0.17079	0.0077136	0.0018889
0.2462	1.2857e-16	1.7651e+05	1.6968e+05	287.92	0.0010167	0.0012348	0.1703	0.0067162	0.0013369
0.2462	1.2857e-16	1.7651e+05	1.6968e+05	287.92	0.0010244	0.0012463	0.17303	0.0068068	0.0013577
0.2462	1.2857e-16	1.7651e+05	1.6968e+05	288.03	0.00069205	0.00082998	0.17261	0.005801	0.00089031
0.2462	1.2857e-16	1.7651e+05	1.6968e+05	288.08	0.0005137	0.0006264	0.17241	0.0043447	0.00066184
0.2462	1.2857e-16	1.7651e+05	1.6968e+05	288.12	0.000407	0.00047893	0.17226	0.0033037	0.0004964
0.2462	1.2857e-16	1.7651e+05	1.6968e+05	288.14	0.00032316	0.000388	0.17217	0.0026675	0.00039441
0.2462	1.2857e-16	1.7651e+05	1.6968e+05	288.16	0.00026219	0.00031971	0.1721	0.0021925	0.00031981
0.2462	1.2857e-16	1.7651e+05	1.6968e+05	288.16	0.00026737	0.00032547	0.17483	0.0022309	0.0003323
0.2462	1.2857e-16	1.7651e+05	1.6968e+05	288.17	0.00022636	0.0002799	0.17478	0.0019153	0.00028119
0.2462	1.2857e-16	1.7651e+05	1.6968e+05	288.17	0.00022926	0.00028562	0.17614	0.0019542	0.00029162
0.2462	1.2857e-16	1.7651e+05	1.6968e+05	288.17	0.00023185	0.00028562	0.17614	0.0019542	0.00029162
0.2462	1.2857e-16	1.7651e+05	1.6968e+05	288.19	0.00016448	0.00020578	0.17607	0.0014039	0.00020582
0.2462	1.2857e-16	1.7651e+05	1.6968e+05	288.19	0.00016493	0.00020578	0.17607	0.0014039	0.00020582
0.2462	1.2857e-16	1.7651e+05	1.6968e+05	288.21	8.7497e-05	0.0001201	0.17326	0.00081739	0.00012012
0.2462	1.2857e-16	1.7651e+05	1.6968e+05	288.21	8.3229e-05	0.0001201	0.17326	0.00081739	0.00012012
0.2462	1.2857e-16	1.7651e+05	1.6968e+05	288.22	4.4968e-05	7.4385e-05	0.17457	0.00050523	7.439e-05
0.2462	1.2857e-16	1.7651e+05	1.6968e+05	288.22	4.3444e-05	6.866e-05	0.17321	0.00046641	6.8664e-05
0.32589	9.7131e-17	2.4062e+05	2.322e+05	297.54	0.0020548	0.0013852	0.053261	0.003808	0.0013868
0.32589	9.7131e-17	2.4062e+05	2.322e+05	297.72	0.00066374	0.00057446	0.05461	0.0023634	0.00057474
0.32589	9.7131e-17	2.4062e+05	2.322e+05	297.72	0.00076199	0.00058059	0.055696	0.0024007	0.00058088
0.32589	9.7131e-17	2.4062e+05	2.322e+05	297.72	0.00082967	0.00058673	0.056782	0.002438	0.00058702
0.32589	9.7131e-17	2.4062e+05	2.322e+05	297.75	0.000574	0.00047103	0.057746	0.0022508	0.00047122
0.32589	9.7131e-17	2.4062e+05	2.322e+05	297.75	0.00057218	0.00047103	0.057746	0.0022508	0.00047122
0.32589	9.7131e-17	2.4062e+05	2.322e+05	297.8	0.00014038	0.0002081	0.041285	0.0010954	0.00020814
0.32589	9.7131e-17	2.4062e+05	2.322e+05	297.6	0.00089644	0.0011525	0.14482	0.0055703	0.0011632
0.32589	9.7131e-17	2.4062e+05	2.322e+05	297.6	0.00098557	0.0011648	0.14699	0.0056444	0.0011857
0.32589	9.7131e-17	2.4062e+05	2.322e+05	297.59	0.00091408	0.0011775	0.1524	0.0057963	0.0012211
0.32589	9.7131e-17	2.4062e+05	2.322e+05	297.59	0.00067986	0.0012083	0.15675	0.0059556	0.0012731
0.32589	9.7131e-17	2.4062e+05	2.322e+05	297.57	0.00049583	0.0012638	0.16437	0.006237	0.0013657
0.32589	9.7131e-17	2.4062e+05	2.322e+05	297.66	0.00076047	0.00086876	0.094861	0.0038649	0.00086941
0.32589	9.7131e-17	2.4062e+05	2.322e+05	297.66	0.00057796	0.00086876	0.094861	0.0038649	0.00086941
0.32589	9.7131e-17	2.4062e+05	2.322e+05	297.66	0.00053233	0.00086876	0.094861	0.0038649	0.00086941
0.32589	9.7131e-17	2.4062e+05	2.322e+05	297.66	0.011407	0.00088107	0.097033	0.0039393	0.00088173
0.32589	9.7131e-17	2.4062e+05	2.322e+05	297.66	0.0019012	0.00088107	0.097033	0.0039393	0.00088173
0.32589	9.7131e-17	2.4062e+05	2.322e+05	297.66	0.0018175	0.00086891	0.097021	0.0039169	0.00086955
0.32589	9.7131e-17	2.4062e+05	2.322e+05	297.66	0.0014342	0.00088122	0.099193	0.0039913	0.00088189
0.32589	9.7131e-17	2.4062e+05	2.322e+05	297.66	0.0016244	0.00088122	0.099193	0.0039913	0.00088189
0.32589	9.7131e-17	2.4062e+05	2.322e+05	297.66	0.0015209	0.00088731	0.099199	0.0040025	0.00088798
0.32589	9.7131e-17	2.4062e+05	2.322e+05	297.65	0.0014723	0.00089346	0.10029	0.0040397	0.00089414
0.32589	9.7131e-17	2.4062e+05	2.322e+05	297.65	0.0013415	0.00089354	0.10137	0.0040656	0.00089422
0.32589	9.7131e-17	2.4062e+05	2.322e+05	297.65	0.0013827	0.00089354	0.10137	0.0040656	0.00089422
0.32589	9.7131e-17	2.4062e+05	2.322e+05	297.66	0.001362	0.00088122	0.099193	0.0039913	0.00088189
0.32589	9.7131e-17	2.4062e+05	2.322e+05	297.65	0.0013704	0.00089354	0.10137	0.0040656	0.00089422
0.32589	9.7131e-17	2.4062e+05	2.322e+05	297.6	0.0014624	0.001118	0.09943	0.0044285	0.0011191
0.32589	9.7131e-17	2.4062e+05	2.322e+05	297.6	0.001597	0.0011427	0.10377	0.0045772	0.0011438
0.32589	9.7131e-17	2.4062e+05	2.322e+05	297.67	0.00071484	0.00081464	0.10453	0.0039963	0.0008152
0.32589	9.7131e-17	2.4062e+05	2.322e+05	297.6	0.00091256	0.0011315	0.18259	0.0058917	0.0012862
0.32589	9.7131e-17	2.4062e+05	2.322e+05	297.61	0.00041674	0.0010827	0.18255	0.0056301	0.0012306
0.32589	9.7131e-17	2.4062e+05	2.322e+05	297.58	0.0081066	0.001223	0.18269	0.0063837	0.0013904
0.32589	9.7131e-17	2.4062e+05	2.322e+05	297.59	0.00254	0.0012108	0.18267	0.006318	0.0013765
0.32589	9.7131e-17	2.4062e+05	2.322e+05	297.81	0.0015209	0.00017151	0.047727	0.00090042	0.00017154
0.32589	9.7131e-17	2.4062e+05	2.322e+05	297.82	0.0010647	0.00014091	0.047697	0.00073919	0.00014093
0.32589	9.7131e-17	2.4062e+05	2.322e+05	297.83	0.00092777	0.00011028	0.045506	0.00057836	0.0001103
0.32589	9.7131e-17	2.4062e+05	2.322e+05	297.83	0.0006753	9.8022e-05	0.043334	0.00051417	9.8031e-05
0.32589	9.7131e-17	2.4062e+05	2.322e+05	297.83	0.00046084	7.3504e-05	0.03899	0.00038573	7.3509e-05
0.32589	9.7131e-17	2.4062e+05	2.322e+05	297.84	2.2814e-05	2.4493e-05	0.030302	0.00012865	2.4494e-05
0.32589	9.7131e-17	2.4062e+05	2.322e+05	297.84	0.00022891	6.1259e-05	0.038978	0.00032136	6.1262e-05
0.32589	9.7131e-17	2.4062e+05	2.322e+05	297.83	0.00030521	7.3504e-05	0.03899	0.00038573	7.3509e-05
0.32589	9.7131e-17	2.4062e+05	2.322e+05	294.36	0.022891	0.014379	0.018737	0.027961	0.015935
0.32589	9.7131e-17	2.4062e+05	2.322e+05	294.93	0.020754	0.012235	0.012235	0.023278	0.013374
0.32589	9.7131e-17	2.4062e+05	2.322e+05	295.45	0.014772	0.010207	0.010207	0.019123	0.010992
0.32589	9.7131e-17	2.4062e+05	2.322e+05	295.98	0.010408	0.0080895	0.0080895	0.014813	0.0085084
0.32589	9.7131e-17	2.4062e+05	2.322e+05	296.51	0.0090647	0.0058935	0.0058935	0.010369	0.0059358
0.32589	9.7131e-17	2.4062e+05	2.322e+05	296.78	0.0077981	0.0047347	0.0047347	0.0082138	0.0047542
0.32589	9.7131e-17	2.4062e+05	2.322e+05	297.03	0.0061042	0.0036587	0.0036587	0.0062844	0.0036702
0.32589	9.7131e-17	2.4062e+05	2.322e+05	297.28	0.0045781	0.0025524	0.0025524	0.004366	0.002558
0.32589	9.7131e-17	2.4062e+05	2.322e+05	297.41	0.0032123	0.0019631	0.0019631	0.0034759	0.0019664
0.32589	9.7131e-17	2.4062e+05	2.322e+05	297.54	0.0020296	0.0013902	0.0013902	0.0023067	0.0013919
0.32589	9.7131e-17	2.4062e+05	2.322e+05	297.6	0.0017092	0.0011144	0.0011144	0.0017954	0.0011155
0.32589	9.7131e-17	2.4062e+05	2.322e+05	297.65	0.0013277	0.00088584	0.00088584	0.0014249	0.00088651
0.32589	9.7131e-17	2.4062e+05	2.322e+05	297.7	0.00082406	0.00066833	0.00066833	0.00097053	0.00066871
0.32589	9.7131e-17	2.4062e+05	2.322e+05	297.75	0.00038151	0.00043839	0.00043839	0.00070341	0.00043856
0.32589	9.7131e-17	2.4062e+05	2.322e+05	297.77	0.00030521	0.0003657	0.0025643	0.00072659	0.00036582
0.32589	9.7131e-17	2.4062e+05	2.322e+05	297.78	0.00063636	0.00032961	0.017647	0.0010261	0.0003297
0.32589	9.7131e-17	2.4062e+05	2.322e+05	297.77	0.00060279	0.00036633	0.024164	0.0012506	0.00036644
1.1962	9.6897e-17	2.4317e+05	2.3823e+05	297.97	0.0020628	0.002425	0.002425	0.0024276	0.0024276
1.1962	9.6897e-17	2.4317e+05	2.3823e+05	297.68	0.0046048	0.0056704	0.0056704	0.0056852	0.0056851
1.1962	9.6897e-17	2.4317e+05	2.3823e+05	297.69	0.0046724	0.0056098	0.0056098	0.0056243	0.0056242
1.1962	9.6897e-17	2.4317e+05	2.3823e+05	297.69	0.0047175	0.0055787	0.0055787	0.005593	0.005593
1.1962	9.6897e-17	2.4317e+05	2.3823e+05	297.43	0.0072115	0.0083511	0.0083511	0.0083839	0.0083835
1.1962	9.6897e-17	2.4317e+05	2.3823e+05	297.43	0.0071424	0.0082906	0.0082906	0.0083229	0.0083225
1.1962	9.6897e-17	2.4317e+05	2.3823e+05	297.98	0.0020342	0.0023947	0.0023947	0.0023973	0.0023973
1.1962	9.6897e-17	2.4317e+05	2.3823e+05	298.07	0.0011553	0.0013834	0.0013834	0.0013842	0.0013842
1.1962	9.6897e-17	2.4317e+05	2.3823e+05	297.89	0.0029297	0.0034349	0.0034349	0.0039298	0.0034402
1.1962	9.6897e-17	2.4317e+05	2.3823e+05	297.97	0.0020733	0.0025064	0.0025064	0.0029498	0.0025092
1.1962	9.6897e-17	2.4317e+05	2.3823e+05	297.97	0.0021484	0.0025682	0.0025682	0.0031175	0.0025712
1.1962	9.6897e-17	2.4317e+05	2.3823e+05	297.94	0.0024189	0.0028468	0.042678	0.0038724	0.0028505
1.1962	9.6897e-17	2.4317e+05	2.3823e+05	297.86	0.0031701	0.0038429	0.31304	0.0065514	0.0043653
1.1962	9.6897e-17	2.4317e+05	2.3823e+05	297.89	0.0028546	0.0034566	0.38	0.0063991	0.0042026
1.1962	9.6897e-17	2.4317e+05	2.3823e+05	297.83	0.0032602	0.0040976	0.41431	0.007399	0.005187
1.1962	9.6897e-17	2.4317e+05	2.3823e+05	297.63	0.0049128	0.0063427	0.26504	0.0095316	0.0073235
1.1962	9.6897e-17	2.4317e+05	2.3823e+05	296.32	0.01259	0.019856	0.21963	0.027146	0.024741
1.1962	9.6897e-17	2.4317e+05	2.3823e+05	294.98	0.018705	0.03179	0.17264	0.043406	0.040787
0.053642	7.8825e-17	2.3697e+05	2.1475e+05	295.61	0.002442	0.0020031	0.041075	0.013233	0.0019964
0.053642	7.8825e-17	2.3697e+05	2.1475e+05	296.33	0.0012632	0.0011738	0.0011738	0.0011769	0.0011769
0.053642	7.8825e-17	2.3697e+05	2.1475e+05	296.34	0.0012457	0.0011646	0.0011646	0.0011677	0.0011677
0.053642	7.8825e-17	2.3697e+05	2.1475e+05	297.05	0.00073261	0.00035998	0.066379	0.005177	0.00035179
0.053642	7.8825e-17	2.3697e+05	2.1475e+05	297.11	0.00087431	0.00029397	0.066612	0.0042006	0.00028697
0.053642	7.8825e-17	2.3697e+05	2.1475e+05	297.11	0.0009331	0.00028762	0.066007	0.0041115	0.00028159
0.053642	7.8825e-17	2.3697e+05	2.1475e+05	297.09	0.0012662	0.00032217	0.065443	0.0046241	0.00031612
0.053642	7.8825e-17	2.3697e+05	2.1475e+05	297.09	0.0013069	0.00031585	0.065137	0.0045331	0.00031036
0.053642	7.8825e-17	2.3697e+05	2.1475e+05	297.07	0.0015873	0.00034417	0.065465	0.0049497	0.00033759
0.053642	7.8825e-17	2.3697e+05	2.1475e+05	297.07	0.001628	0.000341	0.065162	0.0049051	0.00033491
0.053642	7.8825e-17	2.3697e+05	2.1475e+05	297.07	0.0016732	0.00033466	0.064557	0.0048157	0.00032953
0.053642	7.8825e-17	2.3697e+05	2.1475e+05	297.09	0.0016506	0.0003188	0.063044	0.004592	0.00031608
0.053642	7.8825e-17	2.3697e+05	2.1475e+05	297.09	0.0017034	0.0003188	0.063044	0.004592	0.00031608
0.053642	7.8825e-17	2.3697e+05	2.1475e+05	297.08	0.0018541	0.0003282	0.062754	0.0047336	0.00032565
0.053642	7.8825e-17	2.3697e+05	2.1475e+05	297.08	0.0018768	0.00032503	0.062452	0.0046888	0.00032296
0.053642	7.8825e-17	2.3697e+05	2.1475e+05	297.09	0.0019446	0.00032186	0.062149	0.0046439	0.00032004
0.053642	7.8825e-17	2.3697e+05	2.1475e+05	297.09	0.0019491	0.00031235	0.061241	0.0045094	0.00031215
0.053642	7.8825e-17	2.3697e+05	2.1475e+05	297.1	0.0019446	0.00030924	0.061538	0.004461	0.00030866
0.053642	7.8825e-17	2.3697e+05	2.1475e+05	297.11	0.0018421	0.00029656	0.060327	0.0042815	0.00029677
0.053642	7.8825e-17	2.3697e+05	2.1475e+05	297.1	0.0018994	0.00030596	0.060037	0.0044231	0.00030618
0.053642	7.8825e-17	2.3697e+05	2.1475e+05	297.09	0.0019446	0.00031535	0.059747	0.0045649	0.00031559
0.053642	7.8825e-17	2.3697e+05	2.1475e+05	297.12	0.0017366	0.00028703	0.05912	0.0041484	0.00028723
0.053642	7.8825e-17	2.3697e+05	2.1475e+05	297.09	0.0019446	0.00031702	0.060797	0.004582	0.00031726
0.053642	7.8825e-17	2.3697e+05	2.1475e+05	297.1	0.0017863	0.0003029	0.060933	0.0043713	0.00030312
0.053642	7.8825e-17	2.3697e+05	2.1475e+05	297.1	0.0018089	0.00030601	0.060636	0.0044196	0.00030624
0.053642	7.8825e-17	2.3697e+05	2.1475e+05	297.08	0.002035	0.00033146	0.063955	0.0047728	0.00032721
0.053642	7.8825e-17	2.3697e+05	2.1475e+05	297.08	0.0019702	0.00032826	0.063353	0.0047299	0.0003249
0.053642	7.8825e-17	2.3697e+05	2.1475e+05	297.08	0.00202	0.00033143	0.063656	0.0047747	0.00032759
0.053642	7.8825e-17	2.3697e+05	2.1475e+05	297.07	0.0021406	0.00034399	0.063668	0.0049613	0.00033985
0.053642	7.8825e-17	2.3697e+05	2.1475e+05	297.06	0.0021767	0.00035027	0.063675	0.0050548	0.00034599
0.053642	7.8825e-17	2.3697e+05	2.1475e+05	297.06	0.0021948	0.00035344	0.063977	0.0050995	0.00034867
0.053642	7.8825e-17	2.3697e+05	2.1475e+05	297.05	0.0022506	0.00035972	0.063983	0.0051931	0.0003548
0.053642	7.8825e-17	2.3697e+05	2.1475e+05	297.04	0.0023682	0.00037542	0.063999	0.0054274	0.00037012
0.053642	7.8825e-17	2.3697e+05	2.1475e+05	297.03	0.002427	0.000388	0.064311	0.005613	0.000382
0.053642	7.8825e-17	2.3697e+05	2.1475e+05	297.03	0.0024119	0.00038486	0.064308	0.0055661	0.00037894
0.053642	7.8825e-17	2.3697e+05	2.1475e+05	297.02	0.0024646	0.00039421	0.063719	0.0057115	0.00038887
0.053642	7.8825e-17	2.3697e+05	2.1475e+05	297.02	0.0024722	0.00039738	0.064021	0.0057564	0.00039156
0.053642	7.8825e-17	2.3697e+05	2.1475e+05	297.02	0.0024571	0.00039421	0.063719	0.0057115	0.00038887
0.053642	7.8825e-17	2.3697e+05	2.1475e+05	297.02	0.0025084	0.00040048	0.063725	0.0058057	0.00039499
0.053642	7.8825e-17	2.3697e+05	2.1475e+05	297.01	0.0025521	0.00040675	0.063731	0.0059	0.00040111
0.053642	7.8825e-17	2.3697e+05	2.1475e+05	297	0.002638	0.00041612	0.063441	0.006044	0.00041067
0.053642	7.8825e-17	2.3697e+05	2.1475e+05	297	0.0026832	0.00042552	0.06345	0.0061859	0.00041984
0.053642	7.8825e-17	2.3697e+05	2.1475e+05	296.99	0.0027586	0.00043491	0.06346	0.006328	0.00042902
0.053642	7.8825e-17	2.3697e+05	2.1475e+05	296.98	0.0028792	0.00044744	0.063472	0.0065177	0.00044125
0.053642	7.8825e-17	2.3697e+05	2.1475e+05	296.96	0.0030299	0.00046622	0.063491	0.0068031	0.00045959
0.053642	7.8825e-17	2.3697e+05	2.1475e+05	296.96	0.0030299	0.00047244	0.063198	0.0069011	0.00046607
0.053642	7.8825e-17	2.3697e+05	2.1475e+05	296.93	0.003241	0.00050067	0.063825	0.0073256	0.00049282
0.053642	7.8825e-17	2.3697e+05	2.1475e+05	296.92	0.0034068	0.00051943	0.063844	0.0076133	0.00051114
0.053642	7.8825e-17	2.3697e+05	2.1475e+05	296.87	0.0037987	0.00057267	0.064795	0.0084232	0.0005619
0.053642	7.8825e-17	2.3697e+05	2.1475e+05	296.82	0.0042057	0.00062863	0.063953	0.0093092	0.0006178
0.053642	7.8825e-17	2.3697e+05	2.1475e+05	296.81	0.0038816	0.00064726	0.063672	0.0096069	0.00063641
0.053642	7.8825e-17	2.3697e+05	2.1475e+05	296.7	0.0044891	0.00076537	0.06379	0.01149	0.00075182
0.053642	7.8825e-17	2.3697e+05	2.1475e+05	296.55	0.0050348	0.00094812	0.064572	0.012796	0.00092963
0.053642	7.8825e-17	2.3697e+05	2.1475e+05	296.44	0.0054117	0.0010743	0.064099	0.013177	0.0010538
0.053642	7.8825e-17	2.3697e+05	2.1475e+05	296.27	0.005977	0.0012646	0.064888	0.013971	0.0012393
0.053642	7.8825e-17	2.3697e+05	2.1475e+05	296.15	0.0059694	0.0013959	0.06502	0.01446	0.0013677
0.053642	7.8825e-17	2.3697e+05	2.1475e+05	295.9	0.0062709	0.0016897	0.064415	0.015428	0.0016568
0.053642	7.8825e-17	2.3697e+05	2.1475e+05	295.63	0.0067231	0.001988	0.065911	0.016721	0.0019475
0.053642	7.8825e-17	2.3697e+05	2.1475e+05	295.37	0.0071754	0.0022858	0.06591	0.0178	0.0022402
0.053642	7.8825e-17	2.3697e+05	2.1475e+05	294.84	0.008321	0.0028672	0.065593	0.019875	0.0028126
0.053642	7.8825e-17	2.3697e+05	2.1475e+05	294.31	0.0091652	0.0034476	0.066473	0.02214	0.0033831
0.053642	7.8825e-17	2.3697e+05	2.1475e+05	293.75	0.0098284	0.0040459	0.06767	0.024539	0.0039716
0.053642	7.8825e-17	2.3697e+05	2.1475e+05	295.73	0.0019898	0.0018204	0.0018204	0.0018275	0.0018275
0.053642	7.8825e-17	2.3697e+05	2.1475e+05	295.81	0.001824	0.0017373	0.0017373	0.0017438	0.0017438
0.053642	7.8825e-17	2.3697e+05	2.1475e+05	296.37	0.0011562	0.0011061	0.0011061	0.0011086	0.0011086
0.28366	1.1159e-16	2.5834e+05	2.4957e+05	288.17	4.7456e-06	6.5618e-06	0.1424	3.0529e-05	6.5618e-06
0.28366	1.1159e-16	2.5834e+05	2.4957e+05	288.16	2.2627e-05	3.2792e-05	0.13916	0.00015281	3.2793e-05
0.28366	1.1159e-16	2.5834e+05	2.4957e+05	288.16	5.6492e-05	7.2106e-05	0.13676	0.00033657	7.2111e-05
0.28366	1.1159e-16	2.5834e+05	2.4957e+05	288.14	9.6431e-05	0.00013103	0.13518	0.00061274	0.00013105
0.28366	1.1159e-16	2.5834e+05	2.4957e+05	288.13	0.00014442	0.00018986	0.13198	0.00088994	0.00018989
0.28366	1.1159e-16	2.5834e+05	2.4957e+05	288.1	0.0002899	0.00035958	0.1297	0.0016934	0.0003597
0.28366	1.1159e-16	2.5834e+05	2.4957e+05	288.06	0.00044191	0.00053545	0.12906	0.0025325	0.0005357
0.28366	1.1159e-16	2.5834e+05	2.4957e+05	288.04	0.00053303	0.00065898	0.12919	0.0031258	0.00066851
0.28366	1.1159e-16	2.5834e+05	2.4957e+05	288.01	0.00066515	0.00078853	0.12605	0.0037556	0.00079893
0.28366	1.1159e-16	2.5834e+05	2.4957e+05	287.9	0.0010873	0.0013053	0.12575	0.0061395	0.0013544
0.28366	1.1159e-16	2.5834e+05	2.4957e+05	287.85	0.0012696	0.001556	0.12601	0.0065946	0.0016251
0.28366	1.1159e-16	2.5834e+05	2.4957e+05	287.8	0.0014648	0.0017927	0.12461	0.0069778	0.0018762
0.28366	1.1159e-16	2.5834e+05	2.4957e+05	287.75	0.0016568	0.0020162	0.12483	0.0073864	0.0021178
0.28366	1.1159e-16	2.5834e+05	2.4957e+05	287.75	0.0016568	0.0020164	0.12565	0.0074112	0.0021203
0.28366	1.1159e-16	2.5834e+05	2.4957e+05	287.63	0.0021321	0.0026254	0.12381	0.0084537	0.002772
0.28366	1.1159e-16	2.5834e+05	2.4957e+05	287.49	0.0026834	0.0032916	0.12203	0.009606	0.0034865
0.28366	1.1159e-16	2.5834e+05	2.4957e+05	287.22	0.0037039	0.0045324	0.12164	0.011853	0.0048277
0.28366	1.1159e-16	2.5834e+05	2.4957e+05	286.96	0.0047016	0.0057268	0.1212	0.014033	0.0061212
0.28366	1.1159e-16	2.5834e+05	2.4957e+05	286.7	0.0056644	0.0068994	0.11993	0.016164	0.0073915
0.28366	1.1159e-16	2.5834e+05	2.4957e+05	286.33	0.0070357	0.0085668	0.11834	0.019232	0.0092031
0.28366	1.1159e-16	2.5834e+05	2.4957e+05	286.06	0.0080334	0.0097385	0.11706	0.021407	0.010479
0.28366	1.1159e-16	2.5834e+05	2.4957e+05	285.79	0.0090205	0.010891	0.11413	0.023516	0.011732
0.28366	1.1159e-16	2.5834e+05	2.4957e+05	285.42	0.010326	0.012434	0.11241	0.026437	0.01342
0.28366	1.1159e-16	2.5834e+05	2.4957e+05	284.89	0.012149	0.014576	0.11048	0.030572	0.015774
0.28366	1.1159e-16	2.5834e+05	2.4957e+05	284.1	0.014791	0.017634	0.11028	0.036702	0.019158
0.010762	1.1415e-16	2.5697e+05	2.1613e+05	285.93	0.00017952	0.0013422	0.0013422	0.0013483	0.0013482
0.010762	1.1415e-16	2.5697e+05	2.1613e+05	285.83	0.00019135	0.00141	0.00141	0.0014166	0.0014167
0.010762	1.1415e-16	2.5697e+05	2.1613e+05	285.22	0.00059349	0.0017989	0.029208	0.022644	0.0015843
0.010762	1.1415e-16	2.5697e+05	2.1613e+05	285.73	0.0005035	0.0014746	0.028884	0.021026	0.0012979
0.010762	1.1415e-16	2.5697e+05	2.1613e+05	286.27	0.00040289	0.0011258	0.028535	0.019291	0.00099091
0.010762	1.1415e-16	2.5697e+05	2.1613e+05	286.53	0.00034963	0.00095618	0.028433	0.018481	0.00084079
0.010762	1.1415e-16	2.5697e+05	2.1613e+05	286.92	0.00026738	0.00070734	0.028219	0.014418	0.00062206
0.010762	1.1415e-16	2.5697e+05	2.1613e+05	287.19	0.00020623	0.00053211	0.028145	0.010571	0.00046709
0.010762	1.1415e-16	2.5697e+05	2.1613e+05	287.44	0.00013999	0.00036988	0.028119	0.0071801	0.0003232
0.010762	1.1415e-16	2.5697e+05	2.1613e+05	287.73	7.5176e-05	0.00017972	0.027725	0.0034049	0.00016045
0.010762	1.1415e-16	2.5697e+05	2.1613e+05	287.85	4.2763e-05	9.9181e-05	0.027678	0.0018599	8.9737e-05
0.010762	1.1415e-16	2.5697e+05	2.1613e+05	287.93	1.9727e-05	4.5677e-05	0.027659	0.00085081	4.2608e-05
0.060901	6.9429e-17	3.4131e+05	3.1347e+05	297.35	0	4.2012e-06	4.2012e-06	4.2012e-06	4.2012e-06
0.060901	6.9429e-17	3.4131e+05	3.1347e+05	297	0.00041734	0.00044275	0.00044275	0.00044309	0.00044309
0.060901	6.9429e-17	3.4131e+05	3.1347e+05	295.89	0.0018765	0.0018465	0.0018465	0.0018529	0.0018529
0.060901	6.9429e-17	3.4131e+05	3.1347e+05	296.21	0.0014667	0.0014402	0.0014402	0.001444	0.001444
0.060901	6.9429e-17	3.4131e+05	3.1347e+05	296.68	0.0008662	0.00085262	0.00085262	0.00085395	0.00085395
0.060901	6.9429e-17	3.4131e+05	3.1347e+05	296.22	0.0014772	0.0014468	0.0014468	0.0014509	0.0014509
0.060901	6.9429e-17	3.4131e+05	3.1347e+05	296.36	0.0013046	0.0012878	0.0012878	0.001291	0.001291
0.060901	6.9429e-17	3.4131e+05	3.1347e+05	296.27	0.0014442	0.0014162	0.0014162	0.0014203	0.0014203
0.060901	6.9429e-17	3.4131e+05	3.1347e+05	296.35	0.0013436	0.001314	0.001314	0.0013177	0.0013177
0.060901	6.9429e-17	3.4131e+05	3.1347e+05	296.58	0.0010524	0.0010219	0.0010219	0.0010242	0.0010242
0.060901	6.9429e-17	3.4131e+05	3.1347e+05	296.74	0.00082266	0.00081574	0.00081574	0.00081718	0.00081718
0.060901	6.9429e-17	3.4131e+05	3.1347e+05	296.71	0.00088454	0.00086104	0.00086104	0.00086265	0.00086265
0.060901	6.9429e-17	3.4131e+05	3.1347e+05	296.82	0.00073764	0.00071321	0.00071321	0.00071434	0.00071434
0.060901	6.9429e-17	3.4131e+05	3.1347e+05	296.93	0.00061445	0.0005739	0.0005739	0.00057465	0.00057465
0.060901	6.9429e-17	3.4131e+05	3.1347e+05	297.06	0.0004522	0.00039828	0.00039828	0.00086773	0.00039864
0.060901	6.9429e-17	3.4131e+05	3.1347e+05	296.98	0.00059492	0.00050437	0.0037269	0.0022709	0.00050496
0.060901	6.9429e-17	3.4131e+05	3.1347e+05	296.87	0.00080374	0.00065813	0.012108	0.0042831	0.00065914
0.060901	6.9429e-17	3.4131e+05	3.1347e+05	296.65	0.00128	0.00096058	0.028502	0.0081994	0.00096275
0.060901	6.9429e-17	3.4131e+05	3.1347e+05	296.53	0.0018178	0.0011178	0.036975	0.010205	0.0011195
0.060901	6.9429e-17	3.4131e+05	3.1347e+05	296.54	0.0019981	0.0011109	0.036607	0.010118	0.0011139
0.060901	6.9429e-17	3.4131e+05	3.1347e+05	296.55	0.0021062	0.0010938	0.035686	0.0099003	0.0010967
0.060901	6.9429e-17	3.4131e+05	3.1347e+05	296.44	0.0026591	0.0012447	0.043791	0.01181	0.001205
0.060901	6.9429e-17	3.4131e+05	3.1347e+05	296.44	0.0028093	0.0012413	0.043607	0.011767	0.0012027
0.060901	6.9429e-17	3.4131e+05	3.1347e+05	296.45	0.0030797	0.0012344	0.043238	0.01168	0.0011981
0.060901	6.9429e-17	3.4131e+05	3.1347e+05	296.45	0.0031849	0.0012241	0.042686	0.01155	0.0011912
0.060901	6.9429e-17	3.4131e+05	3.1347e+05	296.46	0.0031999	0.0012138	0.042133	0.01142	0.0011843
0.060901	6.9429e-17	3.4131e+05	3.1347e+05	296.42	0.003394	0.0012653	0.044896	0.01207	0.0012188
0.060901	6.9429e-17	3.4131e+05	3.1347e+05	296.38	0.003678	0.0013307	0.048396	0.01288	0.0012624
0.060901	6.9429e-17	3.4131e+05	3.1347e+05	296.63	0.0027472	0.00098628	0.048232	0.010399	0.00093851
0.060901	6.9429e-17	3.4131e+05	3.1347e+05	296.87	0.0020416	0.00066258	0.04827	0.0068415	0.00063343
0.060901	6.9429e-17	3.4131e+05	3.1347e+05	296.87	0.0021708	0.0006557	0.047902	0.0067725	0.00062883
0.060901	6.9429e-17	3.4131e+05	3.1347e+05	296.94	0.0019216	0.00056753	0.047813	0.0058305	0.00054629
0.060901	6.9429e-17	3.4131e+05	3.1347e+05	296.96	0.0018388	0.00053999	0.04634	0.0055542	0.00052788
0.060901	6.9429e-17	3.4131e+05	3.1347e+05	297	0.0015477	0.00048597	0.047732	0.0049681	0.00046997
0.060901	6.9429e-17	3.4131e+05	3.1347e+05	297	0.0015654	0.00047568	0.04736	0.0048634	0.00046218
0.060901	6.9429e-17	3.4131e+05	3.1347e+05	297	0.001615	0.00048255	0.047638	0.004933	0.00046723
0.060901	6.9429e-17	3.4131e+05	3.1347e+05	297	0.001633	0.00048597	0.047732	0.0049681	0.00046997
0.060901	6.9429e-17	3.4131e+05	3.1347e+05	297	0.0016375	0.00047912	0.047544	0.0048979	0.00046448
0.060901	6.9429e-17	3.4131e+05	3.1347e+05	297.06	0.001295	0.00040588	0.04729	0.0041325	0.00039688
0.060901	6.9429e-17	3.4131e+05	3.1347e+05	297.05	0.0013326	0.00041106	0.047657	0.0041835	0.00039989
0.060901	6.9429e-17	3.4131e+05	3.1347e+05	297.12	0.00086083	0.00032241	0.04793	0.0032618	0.00031514
0.060901	6.9429e-17	3.4131e+05	3.1347e+05	297.12	0.00089087	0.00031552	0.047561	0.0031931	0.00031053
0.060901	6.9429e-17	3.4131e+05	3.1347e+05	297.16	0.00065651	0.00026087	0.047868	0.0026297	0.0002576
0.060901	6.9429e-17	3.4131e+05	3.1347e+05	297.22	0.00031098	0.00017697	0.047965	0.0017747	0.00017704
0.060901	6.9429e-17	3.4131e+05	3.1347e+05	297.22	0.00037107	0.0001787	0.048148	0.0017916	0.00017878
0.060901	6.9429e-17	3.4131e+05	3.1347e+05	297.22	0.00038309	0.00018214	0.048332	0.0018258	0.00018126
0.060901	6.9429e-17	3.4131e+05	3.1347e+05	297.21	0.00046422	0.00019248	0.048884	0.0019286	0.00018818
0.060901	6.9429e-17	3.4131e+05	3.1347e+05	297.21	0.00050478	0.00019937	0.049253	0.001997	0.00019278
0.060901	6.9429e-17	3.4131e+05	3.1347e+05	297.17	0.0007812	0.00024735	0.049301	0.0024845	0.00023763
0.060901	6.9429e-17	3.4131e+05	3.1347e+05	297.12	0.0010802	0.00031579	0.049369	0.0031846	0.00030161
0.060901	6.9429e-17	3.4131e+05	3.1347e+05	297.03	0.0016045	0.00043524	0.049308	0.0044219	0.00041424
0.060901	6.9429e-17	3.4131e+05	3.1347e+05	296.94	0.0021032	0.00056456	0.049437	0.0057803	0.00053522
0.060901	6.9429e-17	3.4131e+05	3.1347e+05	296.85	0.0025539	0.00069008	0.049563	0.0071195	0.00065271
0.060901	6.9429e-17	3.4131e+05	3.1347e+05	296.71	0.0032585	0.00087249	0.049564	0.0091068	0.00082446
0.060901	6.9429e-17	3.4131e+05	3.1347e+05	296.62	0.0038009	0.0010005	0.049873	0.010523	0.00094345
0.060901	6.9429e-17	3.4131e+05	3.1347e+05	296.48	0.0045971	0.0011916	0.050064	0.012688	0.0011226
0.060901	6.9429e-17	3.4131e+05	3.1347e+05	296.36	0.0052882	0.0013518	0.050224	0.013271	0.0012729
0.060901	6.9429e-17	3.4131e+05	3.1347e+05	296.21	0.0061895	0.0015546	0.050608	0.013982	0.0014623
0.060901	6.9429e-17	3.4131e+05	3.1347e+05	296.1	0.00649	0.0017065	0.050579	0.01446	0.001606
0.060901	6.9429e-17	3.4131e+05	3.1347e+05	295.98	0.0061144	0.0018612	0.050553	0.014947	0.0017522
0.060901	6.9429e-17	3.4131e+05	3.1347e+05	295.86	0.0060844	0.0020219	0.050714	0.015488	0.0019033
0.060901	6.9429e-17	3.4131e+05	3.1347e+05	295.61	0.0062797	0.002348	0.051221	0.016622	0.0022092
0.060901	6.9429e-17	3.4131e+05	3.1347e+05	295.12	0.0067304	0.0030011	0.051874	0.018839	0.0028246
0.060901	6.9429e-17	3.4131e+05	3.1347e+05	294.63	0.0070308	0.0036333	0.052507	0.021004	0.0034216
0.060901	6.9429e-17	3.4131e+05	3.1347e+05	294.56	0.0062797	0.0037113	0.039931	0.019073	0.003563
0.060901	6.9429e-17	3.4131e+05	3.1347e+05	294.25	0.0057238	0.0040929	0.028381	0.018287	0.0039872
0.060901	6.9429e-17	3.4131e+05	3.1347e+05	293.89	0.0028544	0.0045033	0.0045033	0.011874	0.0045487
0.060901	6.9429e-17	3.4131e+05	3.1347e+05	295.92	0.0020514	0.0018585	0.0018585	0.0018655	0.0018655
0.060901	6.9429e-17	3.4131e+05	3.1347e+05	294.73	0.0021918	0.003378	0.003378	0.0034022	0.0034021
0.060901	6.9429e-17	3.4131e+05	3.1347e+05	294.45	0.0023419	0.0037192	0.0037192	0.0037481	0.0037481
0.060901	6.9429e-17	3.4131e+05	3.1347e+05	294.21	0.0024311	0.0039975	0.0039975	0.0040305	0.0040305
0.060901	6.9429e-17	3.4131e+05	3.1347e+05	296.16	0.00094091	0.0014985	0.0014985	0.0015027	0.0015027
0.060901	6.9429e-17	3.4131e+05	3.1347e+05	296.69	0.00054024	0.00082822	0.00082822	0.00082944	0.00082944
0	0	0	0	297.1	0.0012495	0.0012622	0.0012622	0.0012623	0.0012623
0	0	0	0	297.06	0.0025061	0.0025065	0.0025065	0.002507	0.002507
0	0	0	0	297.01	0.0037698	0.0037795	0.0037795	0.0037806	0.0037806
0	0	0	0	296.97	0.004998	0.0050453	0.0050453	0.0050472	0.0050472
0	0	0	0	297.12	0.00071638	0.00068806	0.00068806	0.0006881	0.0006881
0	0	0	0	297.12	0.00084279	0.00082863	0.00082863	0.00082868	0.00082868
0	0	0	0	297.11	0.00096219	0.00095544	0.00095544	0.00095552	0.00095552
0	0	0	0	297.11	0.0011027	0.0011272	0.0011272	0.0011273	0.0011273
0	0	0	0	297.11	0.0011034	0.0011018	0.0011018	0.0011019	0.0011019
0	0	0	0	297.1	0.001215	0.0012322	0.0012322	0.0012324	0.0012324
0	0	0	0	297.14	0.00024371	0.00026014	0.00026014	0.00026014	0.00026014
0	0	0	0	297.14	0.00072129	0.00069932	0.00069932	0.00069934	0.00069934
0	0	0	0	297.1	0.0024722	0.0024282	0.0024282	0.0024285	0.0024285
0	0	0	0	297.1	0.0024722	0.0024573	0.0024573	0.0024576	0.0024576
0	0	0	0	297.1	0.002482	0.0024842	0.0024842	0.0024845	0.0024845
0	0	0	0	297.11	0.0020761	0.0020864	0.0020864	0.0020866	0.0020866
0	0	0	0	297.11	0.0024624	0.0025065	0.0025065	0.0025068	0.0025068
0	0	0	0	297.91	4.4232e-05	9.5462e-05	9.5462e-05	9.5581e-05	9.5581e-05
0	0	0	0	297.19	5.8391e-05	0.00013898	0.00013898	0.00013923	0.00013923
0	0	0	0	296.35	6.4898e-05	0.00015287	0.00015287	0.00015316	0.00015316
0	0	0	0	295.91	8.2617e-05	0.00021035	0.00021035	0.0002109	0.0002109
0	0	0	0	297.25	0.0018578	0.0018589	0.0018589	0.0018597	0.0018597
0	0	0	0	297.31	0.0022337	0.0022246	0.0022246	0.0022258	0.0022258
0	0	0	0	297.47	0.0016139	0.0015974	0.0015974	0.001598	0.001598
0	0	0	0	297.66	0.00078415	0.00079379	0.00079379	0.00079393	0.00079393
0	0	0	0	297.95	0.00085081	0.00084998	0.00084998	0.00085014	0.00085014
0	0	0	0	297.89	0.0014023	0.0014045	0.0014045	0.001405	0.001405
0	0	0	0	297.86	0.0016215	0.0016024	0.0016024	0.001603	0.001603
